{
  "version-2.x/default": [
    {
      "type": "doc",
      "id": "version-2.x/introduction"
    },
    {
      "type": "doc",
      "id": "version-2.x/playground"
    },
    {
      "collapsed": false,
      "type": "category",
      "label": "Building Assistants",
      "items": [
        {
          "type": "doc",
          "id": "version-2.x/installation"
        },
        {
          "type": "doc",
          "id": "version-2.x/migrate-from"
        },
        {
          "type": "doc",
          "id": "version-2.x/command-line-interface"
        },
        {
          "collapsed": true,
          "type": "category",
          "label": "Best Practices",
          "items": [
            {
              "type": "doc",
              "id": "version-2.x/conversation-driven-development"
            },
            {
              "type": "doc",
              "id": "version-2.x/generating-nlu-data"
            },
            {
              "type": "doc",
              "id": "version-2.x/writing-stories"
            }
          ]
        },
        {
          "collapsed": true,
          "type": "category",
          "label": "Conversation Patterns",
          "items": [
            {
              "type": "doc",
              "id": "version-2.x/chitchat-faqs"
            },
            {
              "type": "doc",
              "id": "version-2.x/business-logic"
            },
            {
              "type": "doc",
              "id": "version-2.x/fallback-handoff"
            },
            {
              "type": "doc",
              "id": "version-2.x/unexpected-input"
            },
            {
              "type": "doc",
              "id": "version-2.x/contextual-conversations"
            },
            {
              "type": "doc",
              "id": "version-2.x/reaching-out-to-user"
            }
          ]
        },
        {
          "collapsed": true,
          "type": "category",
          "label": "Preparing For Production",
          "items": [
            {
              "type": "doc",
              "id": "version-2.x/messaging-and-voice-channels"
            },
            {
              "type": "doc",
              "id": "version-2.x/tuning-your-model"
            },
            {
              "type": "doc",
              "id": "version-2.x/testing-your-assistant"
            },
            {
              "type": "doc",
              "id": "version-2.x/setting-up-ci-cd"
            },
            {
              "type": "doc",
              "id": "version-2.x/how-to-deploy"
            }
          ]
        },
        {
          "type": "doc",
          "id": "version-2.x/glossary"
        }
      ]
    },
    {
      "collapsed": false,
      "type": "category",
      "label": "Concepts",
      "items": [
        {
          "collapsed": true,
          "type": "category",
          "label": "Training Data",
          "items": [
            {
              "type": "doc",
              "id": "version-2.x/training-data-format"
            },
            {
              "type": "doc",
              "id": "version-2.x/nlu-training-data"
            },
            {
              "type": "doc",
              "id": "version-2.x/stories"
            },
            {
              "type": "doc",
              "id": "version-2.x/rules"
            }
          ]
        },
        {
          "type": "doc",
          "id": "version-2.x/domain"
        },
        {
          "collapsed": true,
          "type": "category",
          "label": "Config",
          "items": [
            {
              "type": "doc",
              "id": "version-2.x/model-configuration"
            },
            {
              "type": "doc",
              "id": "version-2.x/components"
            },
            {
              "type": "doc",
              "id": "version-2.x/policies"
            },
            {
              "type": "doc",
              "id": "version-2.x/training-data-importers"
            },
            {
              "type": "doc",
              "id": "version-2.x/language-support"
            }
          ]
        },
        {
          "collapsed": true,
          "type": "category",
          "label": "Actions",
          "items": [
            {
              "type": "doc",
              "id": "version-2.x/actions"
            },
            {
              "type": "doc",
              "id": "version-2.x/responses"
            },
            {
              "type": "doc",
              "id": "version-2.x/custom-actions"
            },
            {
              "type": "doc",
              "id": "version-2.x/forms"
            },
            {
              "type": "doc",
              "id": "version-2.x/default-actions"
            }
          ]
        },
        {
          "collapsed": true,
          "type": "category",
          "label": "Channel Connectors",
          "items": [
            {
              "type": "doc",
              "id": "version-2.x/connectors/your-own-website"
            },
            {
              "type": "doc",
              "id": "version-2.x/connectors/facebook-messenger"
            },
            {
              "type": "doc",
              "id": "version-2.x/connectors/slack"
            },
            {
              "type": "doc",
              "id": "version-2.x/connectors/telegram"
            },
            {
              "type": "doc",
              "id": "version-2.x/connectors/twilio"
            },
            {
              "type": "doc",
              "id": "version-2.x/connectors/hangouts"
            },
            {
              "type": "doc",
              "id": "version-2.x/connectors/microsoft-bot-framework"
            },
            {
              "type": "doc",
              "id": "version-2.x/connectors/cisco-webex-teams"
            },
            {
              "type": "doc",
              "id": "version-2.x/connectors/rocketchat"
            },
            {
              "type": "doc",
              "id": "version-2.x/connectors/mattermost"
            },
            {
              "type": "doc",
              "id": "version-2.x/connectors/custom-connectors"
            }
          ]
        },
        {
          "collapsed": true,
          "type": "category",
          "label": "Architecture",
          "items": [
            {
              "type": "doc",
              "id": "version-2.x/arch-overview"
            },
            {
              "type": "doc",
              "id": "version-2.x/tracker-stores"
            },
            {
              "type": "doc",
              "id": "version-2.x/event-brokers"
            },
            {
              "type": "doc",
              "id": "version-2.x/model-storage"
            },
            {
              "type": "doc",
              "id": "version-2.x/lock-stores"
            },
            {
              "type": "doc",
              "id": "version-2.x/nlu-only"
            },
            {
              "type": "doc",
              "id": "version-2.x/nlg"
            }
          ]
        }
      ]
    },
    {
      "collapsed": true,
      "type": "category",
      "label": "APIs",
      "items": [
        {
          "type": "doc",
          "id": "version-2.x/http-api"
        },
        {
          "type": "doc",
          "id": "version-2.x/nlu-only-server"
        }
      ]
    },
    {
      "collapsed": true,
      "type": "category",
      "label": "Reference",
      "items": [
        {
          "type": "doc",
          "id": "version-2.x/telemetry/telemetry"
        },
        {
          "type": "doc",
          "id": "version-2.x/telemetry/reference"
        },
        {
          "collapsed": true,
          "items": [
            {
              "collapsed": true,
              "items": [
                {
                  "collapsed": true,
                  "items": [
                    {
                      "type": "doc",
                      "id": "version-2.x/reference/rasa/cli/arguments/default_arguments"
                    },
                    {
                      "type": "doc",
                      "id": "version-2.x/reference/rasa/cli/arguments/interactive"
                    },
                    {
                      "type": "doc",
                      "id": "version-2.x/reference/rasa/cli/arguments/run"
                    },
                    {
                      "type": "doc",
                      "id": "version-2.x/reference/rasa/cli/arguments/train"
                    }
                  ],
                  "label": "rasa.cli.arguments",
                  "type": "category"
                },
                {
                  "type": "doc",
                  "id": "version-2.x/reference/rasa/cli/data"
                },
                {
                  "type": "doc",
                  "id": "version-2.x/reference/rasa/cli/export"
                },
                {
                  "type": "doc",
                  "id": "version-2.x/reference/rasa/cli/interactive"
                },
                {
                  "type": "doc",
                  "id": "version-2.x/reference/rasa/cli/run"
                },
                {
                  "type": "doc",
                  "id": "version-2.x/reference/rasa/cli/scaffold"
                },
                {
                  "type": "doc",
                  "id": "version-2.x/reference/rasa/cli/shell"
                },
                {
                  "type": "doc",
                  "id": "version-2.x/reference/rasa/cli/telemetry"
                },
                {
                  "type": "doc",
                  "id": "version-2.x/reference/rasa/cli/test"
                },
                {
                  "type": "doc",
                  "id": "version-2.x/reference/rasa/cli/train"
                },
                {
                  "type": "doc",
                  "id": "version-2.x/reference/rasa/cli/utils"
                },
                {
                  "type": "doc",
                  "id": "version-2.x/reference/rasa/cli/visualize"
                },
                {
                  "type": "doc",
                  "id": "version-2.x/reference/rasa/cli/x"
                }
              ],
              "label": "rasa.cli",
              "type": "category"
            },
            {
              "collapsed": true,
              "items": [
                {
                  "collapsed": true,
                  "items": [
                    {
                      "type": "doc",
                      "id": "version-2.x/reference/rasa/core/actions/action"
                    },
                    {
                      "type": "doc",
                      "id": "version-2.x/reference/rasa/core/actions/forms"
                    }
                  ],
                  "label": "rasa.core.actions",
                  "type": "category"
                },
                {
                  "collapsed": true,
                  "items": [
                    {
                      "type": "doc",
                      "id": "version-2.x/reference/rasa/core/brokers/broker"
                    },
                    {
                      "type": "doc",
                      "id": "version-2.x/reference/rasa/core/brokers/file"
                    },
                    {
                      "type": "doc",
                      "id": "version-2.x/reference/rasa/core/brokers/kafka"
                    },
                    {
                      "type": "doc",
                      "id": "version-2.x/reference/rasa/core/brokers/pika"
                    },
                    {
                      "type": "doc",
                      "id": "version-2.x/reference/rasa/core/brokers/sql"
                    }
                  ],
                  "label": "rasa.core.brokers",
                  "type": "category"
                },
                {
                  "collapsed": true,
                  "items": [
                    {
                      "type": "doc",
                      "id": "version-2.x/reference/rasa/core/channels/botframework"
                    },
                    {
                      "type": "doc",
                      "id": "version-2.x/reference/rasa/core/channels/callback"
                    },
                    {
                      "type": "doc",
                      "id": "version-2.x/reference/rasa/core/channels/channel"
                    },
                    {
                      "type": "doc",
                      "id": "version-2.x/reference/rasa/core/channels/console"
                    },
                    {
                      "type": "doc",
                      "id": "version-2.x/reference/rasa/core/channels/facebook"
                    },
                    {
                      "type": "doc",
                      "id": "version-2.x/reference/rasa/core/channels/hangouts"
                    },
                    {
                      "type": "doc",
                      "id": "version-2.x/reference/rasa/core/channels/mattermost"
                    },
                    {
                      "type": "doc",
                      "id": "version-2.x/reference/rasa/core/channels/rasa_chat"
                    },
                    {
                      "type": "doc",
                      "id": "version-2.x/reference/rasa/core/channels/rest"
                    },
                    {
                      "type": "doc",
                      "id": "version-2.x/reference/rasa/core/channels/rocketchat"
                    },
                    {
                      "type": "doc",
                      "id": "version-2.x/reference/rasa/core/channels/slack"
                    },
                    {
                      "type": "doc",
                      "id": "version-2.x/reference/rasa/core/channels/socketio"
                    },
                    {
                      "type": "doc",
                      "id": "version-2.x/reference/rasa/core/channels/telegram"
                    },
                    {
                      "type": "doc",
                      "id": "version-2.x/reference/rasa/core/channels/twilio"
                    },
                    {
                      "type": "doc",
                      "id": "version-2.x/reference/rasa/core/channels/twilio_voice"
                    },
                    {
                      "type": "doc",
                      "id": "version-2.x/reference/rasa/core/channels/webexteams"
                    }
                  ],
                  "label": "rasa.core.channels",
                  "type": "category"
                },
                {
                  "collapsed": true,
                  "items": [
                    {
                      "type": "doc",
                      "id": "version-2.x/reference/rasa/core/featurizers/single_state_featurizer"
                    },
                    {
                      "type": "doc",
                      "id": "version-2.x/reference/rasa/core/featurizers/tracker_featurizers"
                    }
                  ],
                  "label": "rasa.core.featurizers",
                  "type": "category"
                },
                {
                  "collapsed": true,
                  "items": [
                    {
                      "type": "doc",
                      "id": "version-2.x/reference/rasa/core/nlg/callback"
                    },
                    {
                      "type": "doc",
                      "id": "version-2.x/reference/rasa/core/nlg/generator"
                    },
                    {
                      "type": "doc",
                      "id": "version-2.x/reference/rasa/core/nlg/interpolator"
                    },
                    {
                      "type": "doc",
                      "id": "version-2.x/reference/rasa/core/nlg/response"
                    }
                  ],
                  "label": "rasa.core.nlg",
                  "type": "category"
                },
                {
                  "collapsed": true,
                  "items": [
                    {
                      "type": "doc",
                      "id": "version-2.x/reference/rasa/core/policies/ensemble"
                    },
                    {
                      "type": "doc",
                      "id": "version-2.x/reference/rasa/core/policies/fallback"
                    },
                    {
                      "type": "doc",
                      "id": "version-2.x/reference/rasa/core/policies/form_policy"
                    },
                    {
                      "type": "doc",
                      "id": "version-2.x/reference/rasa/core/policies/mapping_policy"
                    },
                    {
                      "type": "doc",
                      "id": "version-2.x/reference/rasa/core/policies/memoization"
                    },
                    {
                      "type": "doc",
                      "id": "version-2.x/reference/rasa/core/policies/policy"
                    },
                    {
                      "type": "doc",
                      "id": "version-2.x/reference/rasa/core/policies/rule_policy"
                    },
                    {
                      "type": "doc",
                      "id": "version-2.x/reference/rasa/core/policies/sklearn_policy"
                    },
                    {
                      "type": "doc",
                      "id": "version-2.x/reference/rasa/core/policies/ted_policy"
                    },
                    {
                      "type": "doc",
                      "id": "version-2.x/reference/rasa/core/policies/two_stage_fallback"
                    },
                    {
                      "type": "doc",
                      "id": "version-2.x/reference/rasa/core/policies/unexpected_intent_policy"
                    }
                  ],
                  "label": "rasa.core.policies",
                  "type": "category"
                },
                {
                  "collapsed": true,
                  "items": [
                    {
                      "collapsed": true,
                      "items": [
                        {
                          "type": "doc",
                          "id": "version-2.x/reference/rasa/core/training/converters/responses_prefix_converter"
                        },
                        {
                          "type": "doc",
                          "id": "version-2.x/reference/rasa/core/training/converters/story_markdown_to_yaml_converter"
                        }
                      ],
                      "label": "rasa.core.training.converters",
                      "type": "category"
                    },
                    {
                      "type": "doc",
                      "id": "version-2.x/reference/rasa/core/training/init"
                    },
                    {
                      "type": "doc",
                      "id": "version-2.x/reference/rasa/core/training/interactive"
                    },
                    {
                      "type": "doc",
                      "id": "version-2.x/reference/rasa/core/training/story_conflict"
                    },
                    {
                      "type": "doc",
                      "id": "version-2.x/reference/rasa/core/training/training"
                    }
                  ],
                  "label": "rasa.core.training",
                  "type": "category"
                },
                {
                  "type": "doc",
                  "id": "version-2.x/reference/rasa/core/agent"
                },
                {
                  "type": "doc",
                  "id": "version-2.x/reference/rasa/core/config"
                },
                {
                  "type": "doc",
                  "id": "version-2.x/reference/rasa/core/exceptions"
                },
                {
                  "type": "doc",
                  "id": "version-2.x/reference/rasa/core/exporter"
                },
                {
                  "type": "doc",
                  "id": "version-2.x/reference/rasa/core/interpreter"
                },
                {
                  "type": "doc",
                  "id": "version-2.x/reference/rasa/core/jobs"
                },
                {
                  "type": "doc",
                  "id": "version-2.x/reference/rasa/core/lock"
                },
                {
                  "type": "doc",
                  "id": "version-2.x/reference/rasa/core/lock_store"
                },
                {
                  "type": "doc",
                  "id": "version-2.x/reference/rasa/core/processor"
                },
                {
                  "type": "doc",
                  "id": "version-2.x/reference/rasa/core/registry"
                },
                {
                  "type": "doc",
                  "id": "version-2.x/reference/rasa/core/run"
                },
                {
                  "type": "doc",
                  "id": "version-2.x/reference/rasa/core/test"
                },
                {
                  "type": "doc",
                  "id": "version-2.x/reference/rasa/core/tracker_store"
                },
                {
                  "type": "doc",
                  "id": "version-2.x/reference/rasa/core/train"
                },
                {
                  "type": "doc",
                  "id": "version-2.x/reference/rasa/core/utils"
                }
              ],
              "label": "rasa.core",
              "type": "category"
            },
            {
              "collapsed": true,
              "items": [
                {
                  "collapsed": true,
                  "items": [
                    {
                      "type": "doc",
                      "id": "version-2.x/reference/rasa/nlu/classifiers/diet_classifier"
                    },
                    {
                      "type": "doc",
                      "id": "version-2.x/reference/rasa/nlu/classifiers/fallback_classifier"
                    },
                    {
                      "type": "doc",
                      "id": "version-2.x/reference/rasa/nlu/classifiers/keyword_intent_classifier"
                    },
                    {
                      "type": "doc",
                      "id": "version-2.x/reference/rasa/nlu/classifiers/mitie_intent_classifier"
                    },
                    {
                      "type": "doc",
                      "id": "version-2.x/reference/rasa/nlu/classifiers/sklearn_intent_classifier"
                    }
                  ],
                  "label": "rasa.nlu.classifiers",
                  "type": "category"
                },
                {
                  "collapsed": true,
                  "items": [
                    {
                      "type": "doc",
                      "id": "version-2.x/reference/rasa/nlu/emulators/dialogflow"
                    },
                    {
                      "type": "doc",
                      "id": "version-2.x/reference/rasa/nlu/emulators/emulator"
                    },
                    {
                      "type": "doc",
                      "id": "version-2.x/reference/rasa/nlu/emulators/luis"
                    },
                    {
                      "type": "doc",
                      "id": "version-2.x/reference/rasa/nlu/emulators/no_emulator"
                    },
                    {
                      "type": "doc",
                      "id": "version-2.x/reference/rasa/nlu/emulators/wit"
                    }
                  ],
                  "label": "rasa.nlu.emulators",
                  "type": "category"
                },
                {
                  "collapsed": true,
                  "items": [
                    {
                      "type": "doc",
                      "id": "version-2.x/reference/rasa/nlu/extractors/crf_entity_extractor"
                    },
                    {
                      "type": "doc",
                      "id": "version-2.x/reference/rasa/nlu/extractors/duckling_entity_extractor"
                    },
                    {
                      "type": "doc",
                      "id": "version-2.x/reference/rasa/nlu/extractors/entity_synonyms"
                    },
                    {
                      "type": "doc",
                      "id": "version-2.x/reference/rasa/nlu/extractors/extractor"
                    },
                    {
                      "type": "doc",
                      "id": "version-2.x/reference/rasa/nlu/extractors/mitie_entity_extractor"
                    },
                    {
                      "type": "doc",
                      "id": "version-2.x/reference/rasa/nlu/extractors/regex_entity_extractor"
                    }
                  ],
                  "label": "rasa.nlu.extractors",
                  "type": "category"
                },
                {
                  "collapsed": true,
                  "items": [
                    {
                      "collapsed": true,
                      "items": [
                        {
                          "type": "doc",
                          "id": "version-2.x/reference/rasa/nlu/featurizers/dense_featurizer/convert_featurizer"
                        },
                        {
                          "type": "doc",
                          "id": "version-2.x/reference/rasa/nlu/featurizers/dense_featurizer/lm_featurizer"
                        }
                      ],
                      "label": "rasa.nlu.featurizers.dense_featurizer",
                      "type": "category"
                    },
                    {
                      "collapsed": true,
                      "items": [
                        {
                          "type": "doc",
                          "id": "version-2.x/reference/rasa/nlu/featurizers/sparse_featurizer/count_vectors_featurizer"
                        },
                        {
                          "type": "doc",
                          "id": "version-2.x/reference/rasa/nlu/featurizers/sparse_featurizer/lexical_syntactic_featurizer"
                        },
                        {
                          "type": "doc",
                          "id": "version-2.x/reference/rasa/nlu/featurizers/sparse_featurizer/regex_featurizer"
                        }
                      ],
                      "label": "rasa.nlu.featurizers.sparse_featurizer",
                      "type": "category"
                    }
                  ],
                  "label": "rasa.nlu.featurizers",
                  "type": "category"
                },
                {
                  "collapsed": true,
                  "items": [
                    {
                      "type": "doc",
                      "id": "version-2.x/reference/rasa/nlu/selectors/response_selector"
                    }
                  ],
                  "label": "rasa.nlu.selectors",
                  "type": "category"
                },
                {
                  "collapsed": true,
                  "items": [
                    {
                      "type": "doc",
                      "id": "version-2.x/reference/rasa/nlu/tokenizers/convert_tokenizer"
                    },
                    {
                      "type": "doc",
                      "id": "version-2.x/reference/rasa/nlu/tokenizers/jieba_tokenizer"
                    },
                    {
                      "type": "doc",
                      "id": "version-2.x/reference/rasa/nlu/tokenizers/lm_tokenizer"
                    },
                    {
                      "type": "doc",
                      "id": "version-2.x/reference/rasa/nlu/tokenizers/tokenizer"
                    },
                    {
                      "type": "doc",
                      "id": "version-2.x/reference/rasa/nlu/tokenizers/whitespace_tokenizer"
                    }
                  ],
                  "label": "rasa.nlu.tokenizers",
                  "type": "category"
                },
                {
                  "collapsed": true,
                  "items": [
                    {
                      "collapsed": true,
                      "items": [
                        {
                          "type": "doc",
                          "id": "version-2.x/reference/rasa/nlu/training_data/converters/nlg_markdown_to_yaml_converter"
                        },
                        {
                          "type": "doc",
                          "id": "version-2.x/reference/rasa/nlu/training_data/converters/nlu_markdown_to_yaml_converter"
                        }
                      ],
                      "label": "rasa.nlu.training_data.converters",
                      "type": "category"
                    }
                  ],
                  "label": "rasa.nlu.training_data",
                  "type": "category"
                },
                {
                  "collapsed": true,
                  "items": [
                    {
                      "collapsed": true,
                      "items": [
                        {
                          "type": "doc",
                          "id": "version-2.x/reference/rasa/nlu/utils/hugging_face/hf_transformers"
                        },
                        {
                          "type": "doc",
                          "id": "version-2.x/reference/rasa/nlu/utils/hugging_face/transformers_pre_post_processors"
                        }
                      ],
                      "label": "rasa.nlu.utils.hugging_face",
                      "type": "category"
                    },
                    {
                      "type": "doc",
                      "id": "version-2.x/reference/rasa/nlu/utils/init"
                    },
                    {
                      "type": "doc",
                      "id": "version-2.x/reference/rasa/nlu/utils/bilou_utils"
                    },
                    {
                      "type": "doc",
                      "id": "version-2.x/reference/rasa/nlu/utils/mitie_utils"
                    },
                    {
                      "type": "doc",
                      "id": "version-2.x/reference/rasa/nlu/utils/pattern_utils"
                    },
                    {
                      "type": "doc",
                      "id": "version-2.x/reference/rasa/nlu/utils/spacy_utils"
                    }
                  ],
                  "label": "rasa.nlu.utils",
                  "type": "category"
                },
                {
                  "type": "doc",
                  "id": "version-2.x/reference/rasa/nlu/components"
                },
                {
                  "type": "doc",
                  "id": "version-2.x/reference/rasa/nlu/config"
                },
                {
                  "type": "doc",
                  "id": "version-2.x/reference/rasa/nlu/convert"
                },
                {
                  "type": "doc",
                  "id": "version-2.x/reference/rasa/nlu/model"
                },
                {
                  "type": "doc",
                  "id": "version-2.x/reference/rasa/nlu/persistor"
                },
                {
                  "type": "doc",
                  "id": "version-2.x/reference/rasa/nlu/registry"
                },
                {
                  "type": "doc",
                  "id": "version-2.x/reference/rasa/nlu/test"
                },
                {
                  "type": "doc",
                  "id": "version-2.x/reference/rasa/nlu/train"
                }
              ],
              "label": "rasa.nlu",
              "type": "category"
            },
            {
              "collapsed": true,
              "items": [
                {
                  "collapsed": true,
                  "items": [
                    {
                      "collapsed": true,
                      "items": [
                        {
                          "collapsed": true,
                          "items": [
                            {
                              "type": "doc",
                              "id": "version-2.x/reference/rasa/shared/core/training_data/story_reader/markdown_story_reader"
                            },
                            {
                              "type": "doc",
                              "id": "version-2.x/reference/rasa/shared/core/training_data/story_reader/story_reader"
                            },
                            {
                              "type": "doc",
                              "id": "version-2.x/reference/rasa/shared/core/training_data/story_reader/story_step_builder"
                            },
                            {
                              "type": "doc",
                              "id": "version-2.x/reference/rasa/shared/core/training_data/story_reader/yaml_story_reader"
                            }
                          ],
                          "label": "rasa.shared.core.training_data.story_reader",
                          "type": "category"
                        },
                        {
                          "collapsed": true,
                          "items": [
                            {
                              "type": "doc",
                              "id": "version-2.x/reference/rasa/shared/core/training_data/story_writer/markdown_story_writer"
                            },
                            {
                              "type": "doc",
                              "id": "version-2.x/reference/rasa/shared/core/training_data/story_writer/story_writer"
                            },
                            {
                              "type": "doc",
                              "id": "version-2.x/reference/rasa/shared/core/training_data/story_writer/yaml_story_writer"
                            }
                          ],
                          "label": "rasa.shared.core.training_data.story_writer",
                          "type": "category"
                        },
                        {
                          "type": "doc",
                          "id": "version-2.x/reference/rasa/shared/core/training_data/loading"
                        },
                        {
                          "type": "doc",
                          "id": "version-2.x/reference/rasa/shared/core/training_data/structures"
                        },
                        {
                          "type": "doc",
                          "id": "version-2.x/reference/rasa/shared/core/training_data/visualization"
                        }
                      ],
                      "label": "rasa.shared.core.training_data",
                      "type": "category"
                    },
                    {
                      "type": "doc",
                      "id": "version-2.x/reference/rasa/shared/core/conversation"
                    },
                    {
                      "type": "doc",
                      "id": "version-2.x/reference/rasa/shared/core/domain"
                    },
                    {
                      "type": "doc",
                      "id": "version-2.x/reference/rasa/shared/core/events"
                    },
                    {
                      "type": "doc",
                      "id": "version-2.x/reference/rasa/shared/core/generator"
                    },
                    {
                      "type": "doc",
                      "id": "version-2.x/reference/rasa/shared/core/slots"
                    },
                    {
                      "type": "doc",
                      "id": "version-2.x/reference/rasa/shared/core/trackers"
                    }
                  ],
                  "label": "rasa.shared.core",
                  "type": "category"
                },
                {
                  "collapsed": true,
                  "items": [
                    {
                      "type": "doc",
                      "id": "version-2.x/reference/rasa/shared/importers/autoconfig"
                    },
                    {
                      "type": "doc",
                      "id": "version-2.x/reference/rasa/shared/importers/importer"
                    },
                    {
                      "type": "doc",
                      "id": "version-2.x/reference/rasa/shared/importers/multi_project"
                    },
                    {
                      "type": "doc",
                      "id": "version-2.x/reference/rasa/shared/importers/rasa"
                    }
                  ],
                  "label": "rasa.shared.importers",
                  "type": "category"
                },
                {
                  "collapsed": true,
                  "items": [
                    {
                      "collapsed": true,
                      "items": [
                        {
                          "collapsed": true,
                          "items": [
                            {
                              "type": "doc",
                              "id": "version-2.x/reference/rasa/shared/nlu/training_data/formats/dialogflow"
                            },
                            {
                              "type": "doc",
                              "id": "version-2.x/reference/rasa/shared/nlu/training_data/formats/luis"
                            },
                            {
                              "type": "doc",
                              "id": "version-2.x/reference/rasa/shared/nlu/training_data/formats/markdown"
                            },
                            {
                              "type": "doc",
                              "id": "version-2.x/reference/rasa/shared/nlu/training_data/formats/markdown_nlg"
                            },
                            {
                              "type": "doc",
                              "id": "version-2.x/reference/rasa/shared/nlu/training_data/formats/rasa"
                            },
                            {
                              "type": "doc",
                              "id": "version-2.x/reference/rasa/shared/nlu/training_data/formats/rasa_yaml"
                            },
                            {
                              "type": "doc",
                              "id": "version-2.x/reference/rasa/shared/nlu/training_data/formats/readerwriter"
                            },
                            {
                              "type": "doc",
                              "id": "version-2.x/reference/rasa/shared/nlu/training_data/formats/wit"
                            }
                          ],
                          "label": "rasa.shared.nlu.training_data.formats",
                          "type": "category"
                        },
                        {
                          "collapsed": true,
                          "items": [
                            {
                              "type": "doc",
                              "id": "version-2.x/reference/rasa/shared/nlu/training_data/schemas/data_schema"
                            }
                          ],
                          "label": "rasa.shared.nlu.training_data.schemas",
                          "type": "category"
                        },
                        {
                          "type": "doc",
                          "id": "version-2.x/reference/rasa/shared/nlu/training_data/entities_parser"
                        },
                        {
                          "type": "doc",
                          "id": "version-2.x/reference/rasa/shared/nlu/training_data/features"
                        },
                        {
                          "type": "doc",
                          "id": "version-2.x/reference/rasa/shared/nlu/training_data/loading"
                        },
                        {
                          "type": "doc",
                          "id": "version-2.x/reference/rasa/shared/nlu/training_data/lookup_tables_parser"
                        },
                        {
                          "type": "doc",
                          "id": "version-2.x/reference/rasa/shared/nlu/training_data/message"
                        },
                        {
                          "type": "doc",
                          "id": "version-2.x/reference/rasa/shared/nlu/training_data/synonyms_parser"
                        },
                        {
                          "type": "doc",
                          "id": "version-2.x/reference/rasa/shared/nlu/training_data/training_data"
                        },
                        {
                          "type": "doc",
                          "id": "version-2.x/reference/rasa/shared/nlu/training_data/util"
                        }
                      ],
                      "label": "rasa.shared.nlu.training_data",
                      "type": "category"
                    },
                    {
                      "type": "doc",
                      "id": "version-2.x/reference/rasa/shared/nlu/interpreter"
                    }
                  ],
                  "label": "rasa.shared.nlu",
                  "type": "category"
                },
                {
                  "collapsed": true,
                  "items": [
                    {
                      "type": "doc",
                      "id": "version-2.x/reference/rasa/shared/utils/cli"
                    },
                    {
                      "type": "doc",
                      "id": "version-2.x/reference/rasa/shared/utils/common"
                    },
                    {
                      "type": "doc",
                      "id": "version-2.x/reference/rasa/shared/utils/io"
                    },
                    {
                      "type": "doc",
                      "id": "version-2.x/reference/rasa/shared/utils/pykwalify_extensions"
                    },
                    {
                      "type": "doc",
                      "id": "version-2.x/reference/rasa/shared/utils/validation"
                    }
                  ],
                  "label": "rasa.shared.utils",
                  "type": "category"
                },
                {
                  "type": "doc",
                  "id": "version-2.x/reference/rasa/shared/data"
                },
                {
                  "type": "doc",
                  "id": "version-2.x/reference/rasa/shared/exceptions"
                }
              ],
              "label": "rasa.shared",
              "type": "category"
            },
            {
              "collapsed": true,
              "items": [
                {
                  "collapsed": true,
                  "items": [
                    {
                      "type": "doc",
                      "id": "version-2.x/reference/rasa/utils/tensorflow/callback"
                    },
                    {
                      "type": "doc",
                      "id": "version-2.x/reference/rasa/utils/tensorflow/crf"
                    },
                    {
                      "type": "doc",
                      "id": "version-2.x/reference/rasa/utils/tensorflow/data_generator"
                    },
                    {
                      "type": "doc",
                      "id": "version-2.x/reference/rasa/utils/tensorflow/environment"
                    },
                    {
                      "type": "doc",
                      "id": "version-2.x/reference/rasa/utils/tensorflow/exceptions"
                    },
                    {
                      "type": "doc",
                      "id": "version-2.x/reference/rasa/utils/tensorflow/layers"
                    },
                    {
                      "type": "doc",
                      "id": "version-2.x/reference/rasa/utils/tensorflow/layers_utils"
                    },
                    {
                      "type": "doc",
                      "id": "version-2.x/reference/rasa/utils/tensorflow/model_data"
                    },
                    {
                      "type": "doc",
                      "id": "version-2.x/reference/rasa/utils/tensorflow/model_data_utils"
                    },
                    {
                      "type": "doc",
                      "id": "version-2.x/reference/rasa/utils/tensorflow/models"
                    },
                    {
                      "type": "doc",
                      "id": "version-2.x/reference/rasa/utils/tensorflow/rasa_layers"
                    },
                    {
                      "type": "doc",
                      "id": "version-2.x/reference/rasa/utils/tensorflow/temp_keras_modules"
                    },
                    {
                      "type": "doc",
                      "id": "version-2.x/reference/rasa/utils/tensorflow/transformer"
                    }
                  ],
                  "label": "rasa.utils.tensorflow",
                  "type": "category"
                },
                {
                  "type": "doc",
                  "id": "version-2.x/reference/rasa/utils/common"
                },
                {
                  "type": "doc",
                  "id": "version-2.x/reference/rasa/utils/converter"
                },
                {
                  "type": "doc",
                  "id": "version-2.x/reference/rasa/utils/endpoints"
                },
                {
                  "type": "doc",
                  "id": "version-2.x/reference/rasa/utils/io"
                },
                {
                  "type": "doc",
                  "id": "version-2.x/reference/rasa/utils/plotting"
                },
                {
                  "type": "doc",
                  "id": "version-2.x/reference/rasa/utils/train_utils"
                }
              ],
              "label": "rasa.utils",
              "type": "category"
            },
            {
              "type": "doc",
              "id": "version-2.x/reference/rasa/main"
            },
            {
              "type": "doc",
              "id": "version-2.x/reference/rasa/api"
            },
            {
              "type": "doc",
              "id": "version-2.x/reference/rasa/exceptions"
            },
            {
              "type": "doc",
              "id": "version-2.x/reference/rasa/jupyter"
            },
            {
              "type": "doc",
              "id": "version-2.x/reference/rasa/model"
            },
            {
              "type": "doc",
              "id": "version-2.x/reference/rasa/model_testing"
            },
            {
              "type": "doc",
              "id": "version-2.x/reference/rasa/model_training"
            },
            {
              "type": "doc",
              "id": "version-2.x/reference/rasa/server"
            },
            {
              "type": "doc",
              "id": "version-2.x/reference/rasa/telemetry"
            },
            {
              "type": "doc",
              "id": "version-2.x/reference/rasa/validator"
            }
          ],
          "label": "Code reference",
          "type": "category"
        }
      ]
    },
    {
      "collapsed": true,
      "type": "category",
      "label": "Change Log",
      "items": [
        {
          "type": "doc",
          "id": "version-2.x/changelog"
        },
        {
          "type": "doc",
          "id": "version-2.x/migration-guide"
        }
      ]
    }
  ]
}
