{
  "version-3.x/default": [
    {
      "type": "doc",
      "id": "version-3.x/introduction"
    },
    {
      "type": "doc",
      "id": "version-3.x/playground"
    },
    {
      "collapsed": false,
      "type": "category",
      "label": "Building Assistants",
      "items": [
        {
          "type": "doc",
          "id": "version-3.x/installation"
        },
        {
          "type": "doc",
          "id": "version-3.x/migrate-from"
        },
        {
          "type": "doc",
          "id": "version-3.x/command-line-interface"
        },
        {
          "collapsed": true,
          "type": "category",
          "label": "Best Practices",
          "items": [
            {
              "type": "doc",
              "id": "version-3.x/conversation-driven-development"
            },
            {
              "type": "doc",
              "id": "version-3.x/generating-nlu-data"
            },
            {
              "type": "doc",
              "id": "version-3.x/writing-stories"
            }
          ]
        },
        {
          "collapsed": true,
          "type": "category",
          "label": "Conversation Patterns",
          "items": [
            {
              "type": "doc",
              "id": "version-3.x/chitchat-faqs"
            },
            {
              "type": "doc",
              "id": "version-3.x/business-logic"
            },
            {
              "type": "doc",
              "id": "version-3.x/fallback-handoff"
            },
            {
              "type": "doc",
              "id": "version-3.x/unexpected-input"
            },
            {
              "type": "doc",
              "id": "version-3.x/contextual-conversations"
            },
            {
              "type": "doc",
              "id": "version-3.x/reaching-out-to-user"
            }
          ]
        },
        {
          "collapsed": true,
          "type": "category",
          "label": "Preparing For Production",
          "items": [
            {
              "type": "doc",
              "id": "version-3.x/messaging-and-voice-channels"
            },
            {
              "type": "doc",
              "id": "version-3.x/tuning-your-model"
            },
            {
              "type": "doc",
              "id": "version-3.x/testing-your-assistant"
            },
            {
              "type": "doc",
              "id": "version-3.x/setting-up-ci-cd"
            },
            {
              "type": "doc",
              "id": "version-3.x/how-to-deploy"
            }
          ]
        },
        {
          "type": "doc",
          "id": "version-3.x/glossary"
        }
      ]
    },
    {
      "collapsed": false,
      "type": "category",
      "label": "Concepts",
      "items": [
        {
          "collapsed": true,
          "type": "category",
          "label": "Training Data",
          "items": [
            {
              "type": "doc",
              "id": "version-3.x/training-data-format"
            },
            {
              "type": "doc",
              "id": "version-3.x/nlu-training-data"
            },
            {
              "type": "doc",
              "id": "version-3.x/stories"
            },
            {
              "type": "doc",
              "id": "version-3.x/rules"
            }
          ]
        },
        {
          "type": "doc",
          "id": "version-3.x/domain"
        },
        {
          "collapsed": true,
          "type": "category",
          "label": "Config",
          "items": [
            {
              "type": "doc",
              "id": "version-3.x/model-configuration"
            },
            {
              "type": "doc",
              "id": "version-3.x/components"
            },
            {
              "type": "doc",
              "id": "version-3.x/policies"
            },
            {
              "type": "doc",
              "id": "version-3.x/custom-graph-components"
            },
            {
              "type": "doc",
              "id": "version-3.x/training-data-importers"
            },
            {
              "type": "doc",
              "id": "version-3.x/language-support"
            }
          ]
        },
        {
          "collapsed": true,
          "type": "category",
          "label": "Actions",
          "items": [
            {
              "type": "doc",
              "id": "version-3.x/actions"
            },
            {
              "type": "doc",
              "id": "version-3.x/responses"
            },
            {
              "type": "doc",
              "id": "version-3.x/custom-actions"
            },
            {
              "type": "doc",
              "id": "version-3.x/forms"
            },
            {
              "type": "doc",
              "id": "version-3.x/default-actions"
            },
            {
              "type": "doc",
              "id": "version-3.x/slot-validation-actions"
            }
          ]
        },
        {
          "collapsed": true,
          "type": "category",
          "label": "Evaluation",
          "items": [
            {
              "type": "doc",
              "id": "version-3.x/markers"
            }
          ]
        },
        {
          "collapsed": true,
          "type": "category",
          "label": "Channel Connectors",
          "items": [
            {
              "type": "doc",
              "id": "version-3.x/connectors/your-own-website"
            },
            {
              "type": "doc",
              "id": "version-3.x/connectors/facebook-messenger"
            },
            {
              "type": "doc",
              "id": "version-3.x/connectors/slack"
            },
            {
              "type": "doc",
              "id": "version-3.x/connectors/telegram"
            },
            {
              "type": "doc",
              "id": "version-3.x/connectors/twilio"
            },
            {
              "type": "doc",
              "id": "version-3.x/connectors/hangouts"
            },
            {
              "type": "doc",
              "id": "version-3.x/connectors/microsoft-bot-framework"
            },
            {
              "type": "doc",
              "id": "version-3.x/connectors/cisco-webex-teams"
            },
            {
              "type": "doc",
              "id": "version-3.x/connectors/rocketchat"
            },
            {
              "type": "doc",
              "id": "version-3.x/connectors/mattermost"
            },
            {
              "type": "doc",
              "id": "version-3.x/connectors/custom-connectors"
            }
          ]
        },
        {
          "collapsed": true,
          "type": "category",
          "label": "Architecture",
          "items": [
            {
              "type": "doc",
              "id": "version-3.x/arch-overview"
            },
            {
              "type": "doc",
              "id": "version-3.x/tracker-stores"
            },
            {
              "type": "doc",
              "id": "version-3.x/event-brokers"
            },
            {
              "type": "doc",
              "id": "version-3.x/model-storage"
            },
            {
              "type": "doc",
              "id": "version-3.x/lock-stores"
            },
            {
              "type": "doc",
              "id": "version-3.x/nlu-only"
            },
            {
              "type": "doc",
              "id": "version-3.x/nlg"
            }
          ]
        }
      ]
    },
    {
      "collapsed": true,
      "type": "category",
      "label": "APIs",
      "items": [
        {
          "type": "doc",
          "id": "version-3.x/http-api"
        },
        {
          "type": "doc",
          "id": "version-3.x/nlu-only-server"
        }
      ]
    },
    {
      "collapsed": true,
      "type": "category",
      "label": "Change Log",
      "items": [
        {
          "type": "doc",
          "id": "version-3.x/changelog"
        },
        {
          "type": "doc",
          "id": "version-3.x/migration-guide"
        },
        {
          "type": "doc",
          "id": "version-3.x/actively-maintained-versions"
        }
      ]
    }
  ]
}
