{
  "/docs/rasa/apis/http/-e25": {
    "component": "component---theme-api-docf-0-a-77e",
    "spec": "spec---docs-rasa-apis-http-aa-0-e3f",
    "layoutProps": "layoutProps---docs-rasa-apis-http-aff-8c8"
  },
  "/docs/rasa/search/-e05": {
    "component": "component---users-lunelson-git-rasahq-docusaurus-tabula-node-modules-docusaurus-theme-search-algolia-lib-theme-search-page-index-jsc-69-1b8"
  },
  "/docs/rasa/2.x/-6a3": {
    "component": "component---theme-doc-page-1-be-9be",
    "versionMetadata": "versionMetadata---docs-rasa-2-x-45-a-151"
  },
  "/docs/rasa/2.x/-b6a": {
    "component": "component---theme-doc-item-178-a40",
    "content": "content---docs-rasa-2-x-781-634"
  },
  "/docs/rasa/2.x/actions/-c89": {
    "component": "component---theme-doc-item-178-a40",
    "content": "content---docs-rasa-2-x-actions-d-4-e-773"
  },
  "/docs/rasa/2.x/arch-overview/-32d": {
    "component": "component---theme-doc-item-178-a40",
    "content": "content---docs-rasa-2-x-arch-overview-5-a-5-642"
  },
  "/docs/rasa/2.x/architecture/-5f0": {
    "component": "component---theme-doc-item-178-a40",
    "content": "content---docs-rasa-2-x-architecture-33-c-0fe"
  },
  "/docs/rasa/2.x/business-logic/-c79": {
    "component": "component---theme-doc-item-178-a40",
    "content": "content---docs-rasa-2-x-business-logic-eae-9bb"
  },
  "/docs/rasa/2.x/changelog/-3ee": {
    "component": "component---theme-doc-item-178-a40",
    "content": "content---docs-rasa-2-x-changelog-8-c-8-ca9"
  },
  "/docs/rasa/2.x/chitchat-faqs/-c13": {
    "component": "component---theme-doc-item-178-a40",
    "content": "content---docs-rasa-2-x-chitchat-faqs-243-b27"
  },
  "/docs/rasa/2.x/command-line-interface/-6cf": {
    "component": "component---theme-doc-item-178-a40",
    "content": "content---docs-rasa-2-x-command-line-interface-83-a-a90"
  },
  "/docs/rasa/2.x/components/-a1b": {
    "component": "component---theme-doc-item-178-a40",
    "content": "content---docs-rasa-2-x-components-a-75-7c0"
  },
  "/docs/rasa/2.x/connectors/cisco-webex-teams/-7c7": {
    "component": "component---theme-doc-item-178-a40",
    "content": "content---docs-rasa-2-x-connectors-cisco-webex-teams-0-a-6-1e3"
  },
  "/docs/rasa/2.x/connectors/custom-connectors/-23c": {
    "component": "component---theme-doc-item-178-a40",
    "content": "content---docs-rasa-2-x-connectors-custom-connectors-9-a-9-ab7"
  },
  "/docs/rasa/2.x/connectors/facebook-messenger/-2bf": {
    "component": "component---theme-doc-item-178-a40",
    "content": "content---docs-rasa-2-x-connectors-facebook-messenger-1-cb-48c"
  },
  "/docs/rasa/2.x/connectors/hangouts/-8d5": {
    "component": "component---theme-doc-item-178-a40",
    "content": "content---docs-rasa-2-x-connectors-hangouts-64-a-1e2"
  },
  "/docs/rasa/2.x/connectors/mattermost/-a59": {
    "component": "component---theme-doc-item-178-a40",
    "content": "content---docs-rasa-2-x-connectors-mattermost-8-f-9-af7"
  },
  "/docs/rasa/2.x/connectors/microsoft-bot-framework/-975": {
    "component": "component---theme-doc-item-178-a40",
    "content": "content---docs-rasa-2-x-connectors-microsoft-bot-framework-92-d-4bf"
  },
  "/docs/rasa/2.x/connectors/rocketchat/-7de": {
    "component": "component---theme-doc-item-178-a40",
    "content": "content---docs-rasa-2-x-connectors-rocketchat-46-e-732"
  },
  "/docs/rasa/2.x/connectors/slack/-4be": {
    "component": "component---theme-doc-item-178-a40",
    "content": "content---docs-rasa-2-x-connectors-slack-284-46d"
  },
  "/docs/rasa/2.x/connectors/telegram/-25b": {
    "component": "component---theme-doc-item-178-a40",
    "content": "content---docs-rasa-2-x-connectors-telegram-48-a-d8c"
  },
  "/docs/rasa/2.x/connectors/twilio-voice/-c2c": {
    "component": "component---theme-doc-item-178-a40",
    "content": "content---docs-rasa-2-x-connectors-twilio-voice-a-70-7ff"
  },
  "/docs/rasa/2.x/connectors/twilio/-383": {
    "component": "component---theme-doc-item-178-a40",
    "content": "content---docs-rasa-2-x-connectors-twilio-6-f-9-8cb"
  },
  "/docs/rasa/2.x/connectors/your-own-website/-c5f": {
    "component": "component---theme-doc-item-178-a40",
    "content": "content---docs-rasa-2-x-connectors-your-own-website-870-dd6"
  },
  "/docs/rasa/2.x/contextual-conversations/-da9": {
    "component": "component---theme-doc-item-178-a40",
    "content": "content---docs-rasa-2-x-contextual-conversations-baa-84a"
  },
  "/docs/rasa/2.x/conversation-driven-development/-fd8": {
    "component": "component---theme-doc-item-178-a40",
    "content": "content---docs-rasa-2-x-conversation-driven-development-692-d29"
  },
  "/docs/rasa/2.x/custom-actions/-762": {
    "component": "component---theme-doc-item-178-a40",
    "content": "content---docs-rasa-2-x-custom-actions-84-f-ef5"
  },
  "/docs/rasa/2.x/default-actions/-063": {
    "component": "component---theme-doc-item-178-a40",
    "content": "content---docs-rasa-2-x-default-actions-3-ff-4c5"
  },
  "/docs/rasa/2.x/docker/building-in-docker/-ec7": {
    "component": "component---theme-doc-item-178-a40",
    "content": "content---docs-rasa-2-x-docker-building-in-docker-db-5-820"
  },
  "/docs/rasa/2.x/docker/deploying-in-docker-compose/-18a": {
    "component": "component---theme-doc-item-178-a40",
    "content": "content---docs-rasa-2-x-docker-deploying-in-docker-compose-316-5a5"
  },
  "/docs/rasa/2.x/domain/-a74": {
    "component": "component---theme-doc-item-178-a40",
    "content": "content---docs-rasa-2-x-domain-be-2-328"
  },
  "/docs/rasa/2.x/event-brokers/-0ce": {
    "component": "component---theme-doc-item-178-a40",
    "content": "content---docs-rasa-2-x-event-brokers-c-64-1a6"
  },
  "/docs/rasa/2.x/fallback-handoff/-2eb": {
    "component": "component---theme-doc-item-178-a40",
    "content": "content---docs-rasa-2-x-fallback-handoff-894-f1f"
  },
  "/docs/rasa/2.x/forms/-2a8": {
    "component": "component---theme-doc-item-178-a40",
    "content": "content---docs-rasa-2-x-forms-d-11-dc3"
  },
  "/docs/rasa/2.x/generating-nlu-data/-6db": {
    "component": "component---theme-doc-item-178-a40",
    "content": "content---docs-rasa-2-x-generating-nlu-data-83-e-ac5"
  },
  "/docs/rasa/2.x/glossary/-713": {
    "component": "component---theme-doc-item-178-a40",
    "content": "content---docs-rasa-2-x-glossary-199-fd6"
  },
  "/docs/rasa/2.x/how-to-deploy/-26b": {
    "component": "component---theme-doc-item-178-a40",
    "content": "content---docs-rasa-2-x-how-to-deploy-c-87-8ab"
  },
  "/docs/rasa/2.x/http-api/-94f": {
    "component": "component---theme-doc-item-178-a40",
    "content": "content---docs-rasa-2-x-http-api-1-d-5-b1a"
  },
  "/docs/rasa/2.x/installation/-00c": {
    "component": "component---theme-doc-item-178-a40",
    "content": "content---docs-rasa-2-x-installation-ecb-f17"
  },
  "/docs/rasa/2.x/jupyter-notebooks/-361": {
    "component": "component---theme-doc-item-178-a40",
    "content": "content---docs-rasa-2-x-jupyter-notebooks-508-226"
  },
  "/docs/rasa/2.x/language-support/-9d2": {
    "component": "component---theme-doc-item-178-a40",
    "content": "content---docs-rasa-2-x-language-support-cbe-757"
  },
  "/docs/rasa/2.x/lock-stores/-401": {
    "component": "component---theme-doc-item-178-a40",
    "content": "content---docs-rasa-2-x-lock-stores-cfa-c0e"
  },
  "/docs/rasa/2.x/messaging-and-voice-channels/-114": {
    "component": "component---theme-doc-item-178-a40",
    "content": "content---docs-rasa-2-x-messaging-and-voice-channels-790-969"
  },
  "/docs/rasa/2.x/migrate-from/-b2a": {
    "component": "component---theme-doc-item-178-a40",
    "content": "content---docs-rasa-2-x-migrate-from-263-f1c"
  },
  "/docs/rasa/2.x/migrate-from/facebook-wit-ai-to-rasa/-c30": {
    "component": "component---theme-doc-item-178-a40",
    "content": "content---docs-rasa-2-x-migrate-from-facebook-wit-ai-to-rasa-5-fe-9a1"
  },
  "/docs/rasa/2.x/migrate-from/google-dialogflow-to-rasa/-b8d": {
    "component": "component---theme-doc-item-178-a40",
    "content": "content---docs-rasa-2-x-migrate-from-google-dialogflow-to-rasa-132-a84"
  },
  "/docs/rasa/2.x/migrate-from/ibm-watson-to-rasa/-831": {
    "component": "component---theme-doc-item-178-a40",
    "content": "content---docs-rasa-2-x-migrate-from-ibm-watson-to-rasa-3-b-4-fdd"
  },
  "/docs/rasa/2.x/migrate-from/microsoft-luis-to-rasa/-c19": {
    "component": "component---theme-doc-item-178-a40",
    "content": "content---docs-rasa-2-x-migrate-from-microsoft-luis-to-rasa-96-c-8ed"
  },
  "/docs/rasa/2.x/migration-guide/-009": {
    "component": "component---theme-doc-item-178-a40",
    "content": "content---docs-rasa-2-x-migration-guide-6-c-6-921"
  },
  "/docs/rasa/2.x/model-configuration/-b01": {
    "component": "component---theme-doc-item-178-a40",
    "content": "content---docs-rasa-2-x-model-configuration-065-c40"
  },
  "/docs/rasa/2.x/model-storage/-133": {
    "component": "component---theme-doc-item-178-a40",
    "content": "content---docs-rasa-2-x-model-storage-625-73b"
  },
  "/docs/rasa/2.x/nlg/-28b": {
    "component": "component---theme-doc-item-178-a40",
    "content": "content---docs-rasa-2-x-nlg-003-2e0"
  },
  "/docs/rasa/2.x/nlu-only-server/-83f": {
    "component": "component---theme-doc-item-178-a40",
    "content": "content---docs-rasa-2-x-nlu-only-server-52-e-0b8"
  },
  "/docs/rasa/2.x/nlu-only/-daf": {
    "component": "component---theme-doc-item-178-a40",
    "content": "content---docs-rasa-2-x-nlu-only-187-b37"
  },
  "/docs/rasa/2.x/nlu-training-data/-ee3": {
    "component": "component---theme-doc-item-178-a40",
    "content": "content---docs-rasa-2-x-nlu-training-data-94-a-6ab"
  },
  "/docs/rasa/2.x/playground/-3fe": {
    "component": "component---theme-doc-item-178-a40",
    "content": "content---docs-rasa-2-x-playground-186-43b"
  },
  "/docs/rasa/2.x/policies/-499": {
    "component": "component---theme-doc-item-178-a40",
    "content": "content---docs-rasa-2-x-policies-7-ca-af0"
  },
  "/docs/rasa/2.x/reaching-out-to-user/-a22": {
    "component": "component---theme-doc-item-178-a40",
    "content": "content---docs-rasa-2-x-reaching-out-to-user-798-83b"
  },
  "/docs/rasa/2.x/responses/-04e": {
    "component": "component---theme-doc-item-178-a40",
    "content": "content---docs-rasa-2-x-responses-472-608"
  },
  "/docs/rasa/2.x/rules/-580": {
    "component": "component---theme-doc-item-178-a40",
    "content": "content---docs-rasa-2-x-rules-dd-6-200"
  },
  "/docs/rasa/2.x/setting-up-ci-cd/-295": {
    "component": "component---theme-doc-item-178-a40",
    "content": "content---docs-rasa-2-x-setting-up-ci-cd-7-f-7-1e8"
  },
  "/docs/rasa/2.x/stories/-be8": {
    "component": "component---theme-doc-item-178-a40",
    "content": "content---docs-rasa-2-x-stories-d-8-a-155"
  },
  "/docs/rasa/2.x/telemetry/-e39": {
    "component": "component---theme-doc-item-178-a40",
    "content": "content---docs-rasa-2-x-telemetry-1-ec-85a"
  },
  "/docs/rasa/2.x/telemetry/reference/-c1d": {
    "component": "component---theme-doc-item-178-a40",
    "content": "content---docs-rasa-2-x-telemetry-reference-d-66-5fe"
  },
  "/docs/rasa/2.x/testing-your-assistant/-b16": {
    "component": "component---theme-doc-item-178-a40",
    "content": "content---docs-rasa-2-x-testing-your-assistant-384-8a1"
  },
  "/docs/rasa/2.x/tracker-stores/-4f4": {
    "component": "component---theme-doc-item-178-a40",
    "content": "content---docs-rasa-2-x-tracker-stores-cd-7-bb0"
  },
  "/docs/rasa/2.x/training-data-format/-cb5": {
    "component": "component---theme-doc-item-178-a40",
    "content": "content---docs-rasa-2-x-training-data-format-448-c82"
  },
  "/docs/rasa/2.x/training-data-importers/-ed9": {
    "component": "component---theme-doc-item-178-a40",
    "content": "content---docs-rasa-2-x-training-data-importers-3-d-3-119"
  },
  "/docs/rasa/2.x/tuning-your-model/-e7e": {
    "component": "component---theme-doc-item-178-a40",
    "content": "content---docs-rasa-2-x-tuning-your-model-fa-0-254"
  },
  "/docs/rasa/2.x/unexpected-input/-22c": {
    "component": "component---theme-doc-item-178-a40",
    "content": "content---docs-rasa-2-x-unexpected-input-0-eb-96e"
  },
  "/docs/rasa/2.x/writing-stories/-b67": {
    "component": "component---theme-doc-item-178-a40",
    "content": "content---docs-rasa-2-x-writing-stories-759-12d"
  },
  "/docs/rasa/-885": {
    "component": "component---theme-doc-page-1-be-9be",
    "versionMetadata": "versionMetadata---docs-rasa-5-dd-6bf"
  },
  "/docs/rasa/-922": {
    "component": "component---theme-doc-item-178-a40",
    "content": "content---docs-rasa-5-d-6-4c4"
  },
  "/docs/rasa/actions/-fe5": {
    "component": "component---theme-doc-item-178-a40",
    "content": "content---docs-rasa-actions-05-f-52c"
  },
  "/docs/rasa/actively-maintained-versions/-295": {
    "component": "component---theme-doc-item-178-a40",
    "content": "content---docs-rasa-actively-maintained-versions-d-20-850"
  },
  "/docs/rasa/arch-overview/-242": {
    "component": "component---theme-doc-item-178-a40",
    "content": "content---docs-rasa-arch-overview-c-53-562"
  },
  "/docs/rasa/architecture/-8b1": {
    "component": "component---theme-doc-item-178-a40",
    "content": "content---docs-rasa-architecture-901-e2d"
  },
  "/docs/rasa/business-logic/-3e5": {
    "component": "component---theme-doc-item-178-a40",
    "content": "content---docs-rasa-business-logic-60-f-8ce"
  },
  "/docs/rasa/changelog/-64a": {
    "component": "component---theme-doc-item-178-a40",
    "content": "content---docs-rasa-changelog-cc-7-e57"
  },
  "/docs/rasa/chitchat-faqs/-d30": {
    "component": "component---theme-doc-item-178-a40",
    "content": "content---docs-rasa-chitchat-faqs-91-e-40a"
  },
  "/docs/rasa/command-line-interface/-fc1": {
    "component": "component---theme-doc-item-178-a40",
    "content": "content---docs-rasa-command-line-interface-392-9e1"
  },
  "/docs/rasa/components/-cfa": {
    "component": "component---theme-doc-item-178-a40",
    "content": "content---docs-rasa-components-c-98-af4"
  },
  "/docs/rasa/connectors/cisco-webex-teams/-4ce": {
    "component": "component---theme-doc-item-178-a40",
    "content": "content---docs-rasa-connectors-cisco-webex-teams-1-c-5-72c"
  },
  "/docs/rasa/connectors/custom-connectors/-64f": {
    "component": "component---theme-doc-item-178-a40",
    "content": "content---docs-rasa-connectors-custom-connectors-f-81-e4b"
  },
  "/docs/rasa/connectors/facebook-messenger/-c7f": {
    "component": "component---theme-doc-item-178-a40",
    "content": "content---docs-rasa-connectors-facebook-messenger-008-c03"
  },
  "/docs/rasa/connectors/hangouts/-430": {
    "component": "component---theme-doc-item-178-a40",
    "content": "content---docs-rasa-connectors-hangouts-606-84b"
  },
  "/docs/rasa/connectors/mattermost/-05f": {
    "component": "component---theme-doc-item-178-a40",
    "content": "content---docs-rasa-connectors-mattermost-2-a-6-756"
  },
  "/docs/rasa/connectors/microsoft-bot-framework/-b0b": {
    "component": "component---theme-doc-item-178-a40",
    "content": "content---docs-rasa-connectors-microsoft-bot-framework-970-3a9"
  },
  "/docs/rasa/connectors/rocketchat/-b21": {
    "component": "component---theme-doc-item-178-a40",
    "content": "content---docs-rasa-connectors-rocketchat-809-490"
  },
  "/docs/rasa/connectors/slack/-d15": {
    "component": "component---theme-doc-item-178-a40",
    "content": "content---docs-rasa-connectors-slack-7-c-2-ef6"
  },
  "/docs/rasa/connectors/telegram/-b37": {
    "component": "component---theme-doc-item-178-a40",
    "content": "content---docs-rasa-connectors-telegram-6-c-9-283"
  },
  "/docs/rasa/connectors/twilio-voice/-85a": {
    "component": "component---theme-doc-item-178-a40",
    "content": "content---docs-rasa-connectors-twilio-voice-741-283"
  },
  "/docs/rasa/connectors/twilio/-847": {
    "component": "component---theme-doc-item-178-a40",
    "content": "content---docs-rasa-connectors-twilio-884-8a9"
  },
  "/docs/rasa/connectors/your-own-website/-641": {
    "component": "component---theme-doc-item-178-a40",
    "content": "content---docs-rasa-connectors-your-own-website-bf-9-9b4"
  },
  "/docs/rasa/contextual-conversations/-e94": {
    "component": "component---theme-doc-item-178-a40",
    "content": "content---docs-rasa-contextual-conversations-eb-1-d03"
  },
  "/docs/rasa/conversation-driven-development/-e95": {
    "component": "component---theme-doc-item-178-a40",
    "content": "content---docs-rasa-conversation-driven-development-c-3-e-ea5"
  },
  "/docs/rasa/custom-actions/-3d1": {
    "component": "component---theme-doc-item-178-a40",
    "content": "content---docs-rasa-custom-actions-0-b-2-e08"
  },
  "/docs/rasa/custom-graph-components/-e85": {
    "component": "component---theme-doc-item-178-a40",
    "content": "content---docs-rasa-custom-graph-components-28-f-aac"
  },
  "/docs/rasa/default-actions/-b27": {
    "component": "component---theme-doc-item-178-a40",
    "content": "content---docs-rasa-default-actions-831-71f"
  },
  "/docs/rasa/docker/building-in-docker/-a06": {
    "component": "component---theme-doc-item-178-a40",
    "content": "content---docs-rasa-docker-building-in-docker-ea-2-eda"
  },
  "/docs/rasa/docker/deploying-in-docker-compose/-b73": {
    "component": "component---theme-doc-item-178-a40",
    "content": "content---docs-rasa-docker-deploying-in-docker-compose-887-028"
  },
  "/docs/rasa/domain/-dd2": {
    "component": "component---theme-doc-item-178-a40",
    "content": "content---docs-rasa-domain-0-ee-c86"
  },
  "/docs/rasa/event-brokers/-42e": {
    "component": "component---theme-doc-item-178-a40",
    "content": "content---docs-rasa-event-brokers-747-04c"
  },
  "/docs/rasa/fallback-handoff/-e16": {
    "component": "component---theme-doc-item-178-a40",
    "content": "content---docs-rasa-fallback-handoff-2-bb-7a7"
  },
  "/docs/rasa/forms/-d2c": {
    "component": "component---theme-doc-item-178-a40",
    "content": "content---docs-rasa-forms-dbc-09c"
  },
  "/docs/rasa/generating-nlu-data/-1c3": {
    "component": "component---theme-doc-item-178-a40",
    "content": "content---docs-rasa-generating-nlu-data-d-6-b-351"
  },
  "/docs/rasa/glossary/-fcd": {
    "component": "component---theme-doc-item-178-a40",
    "content": "content---docs-rasa-glossary-ef-5-2eb"
  },
  "/docs/rasa/how-to-deploy/-9a2": {
    "component": "component---theme-doc-item-178-a40",
    "content": "content---docs-rasa-how-to-deploy-64-b-89b"
  },
  "/docs/rasa/http-api/-cbd": {
    "component": "component---theme-doc-item-178-a40",
    "content": "content---docs-rasa-http-api-648-27a"
  },
  "/docs/rasa/installation/-e65": {
    "component": "component---theme-doc-item-178-a40",
    "content": "content---docs-rasa-installation-3-e-1-b32"
  },
  "/docs/rasa/jupyter-notebooks/-977": {
    "component": "component---theme-doc-item-178-a40",
    "content": "content---docs-rasa-jupyter-notebooks-a-70-c85"
  },
  "/docs/rasa/language-support/-859": {
    "component": "component---theme-doc-item-178-a40",
    "content": "content---docs-rasa-language-support-f-4-a-53a"
  },
  "/docs/rasa/lock-stores/-097": {
    "component": "component---theme-doc-item-178-a40",
    "content": "content---docs-rasa-lock-stores-85-d-3e9"
  },
  "/docs/rasa/markers/-acd": {
    "component": "component---theme-doc-item-178-a40",
    "content": "content---docs-rasa-markers-486-b38"
  },
  "/docs/rasa/messaging-and-voice-channels/-f84": {
    "component": "component---theme-doc-item-178-a40",
    "content": "content---docs-rasa-messaging-and-voice-channels-210-0cb"
  },
  "/docs/rasa/migrate-from/-c7d": {
    "component": "component---theme-doc-item-178-a40",
    "content": "content---docs-rasa-migrate-from-5-d-6-146"
  },
  "/docs/rasa/migrate-from/facebook-wit-ai-to-rasa/-18b": {
    "component": "component---theme-doc-item-178-a40",
    "content": "content---docs-rasa-migrate-from-facebook-wit-ai-to-rasa-42-b-1cc"
  },
  "/docs/rasa/migrate-from/google-dialogflow-to-rasa/-ad0": {
    "component": "component---theme-doc-item-178-a40",
    "content": "content---docs-rasa-migrate-from-google-dialogflow-to-rasa-a-7-e-1d2"
  },
  "/docs/rasa/migrate-from/ibm-watson-to-rasa/-7f1": {
    "component": "component---theme-doc-item-178-a40",
    "content": "content---docs-rasa-migrate-from-ibm-watson-to-rasa-41-a-164"
  },
  "/docs/rasa/migrate-from/microsoft-luis-to-rasa/-a9b": {
    "component": "component---theme-doc-item-178-a40",
    "content": "content---docs-rasa-migrate-from-microsoft-luis-to-rasa-1-fe-503"
  },
  "/docs/rasa/migration-guide/-384": {
    "component": "component---theme-doc-item-178-a40",
    "content": "content---docs-rasa-migration-guide-bee-34d"
  },
  "/docs/rasa/model-configuration/-c66": {
    "component": "component---theme-doc-item-178-a40",
    "content": "content---docs-rasa-model-configuration-242-0a1"
  },
  "/docs/rasa/model-storage/-122": {
    "component": "component---theme-doc-item-178-a40",
    "content": "content---docs-rasa-model-storage-a-83-e99"
  },
  "/docs/rasa/nlg/-aae": {
    "component": "component---theme-doc-item-178-a40",
    "content": "content---docs-rasa-nlg-747-bfa"
  },
  "/docs/rasa/nlu-only-server/-20c": {
    "component": "component---theme-doc-item-178-a40",
    "content": "content---docs-rasa-nlu-only-server-fec-663"
  },
  "/docs/rasa/nlu-only/-e63": {
    "component": "component---theme-doc-item-178-a40",
    "content": "content---docs-rasa-nlu-only-e-1-f-0ce"
  },
  "/docs/rasa/nlu-training-data/-ae6": {
    "component": "component---theme-doc-item-178-a40",
    "content": "content---docs-rasa-nlu-training-data-5-b-3-379"
  },
  "/docs/rasa/playground/-3cb": {
    "component": "component---theme-doc-item-178-a40",
    "content": "content---docs-rasa-playground-170-e47"
  },
  "/docs/rasa/policies/-e28": {
    "component": "component---theme-doc-item-178-a40",
    "content": "content---docs-rasa-policies-14-f-ded"
  },
  "/docs/rasa/reaching-out-to-user/-e7a": {
    "component": "component---theme-doc-item-178-a40",
    "content": "content---docs-rasa-reaching-out-to-user-f-52-699"
  },
  "/docs/rasa/responses/-d90": {
    "component": "component---theme-doc-item-178-a40",
    "content": "content---docs-rasa-responses-028-d25"
  },
  "/docs/rasa/rules/-e4d": {
    "component": "component---theme-doc-item-178-a40",
    "content": "content---docs-rasa-rules-aa-5-6ea"
  },
  "/docs/rasa/setting-up-ci-cd/-4b3": {
    "component": "component---theme-doc-item-178-a40",
    "content": "content---docs-rasa-setting-up-ci-cd-e-49-a22"
  },
  "/docs/rasa/slot-validation-actions/-8c2": {
    "component": "component---theme-doc-item-178-a40",
    "content": "content---docs-rasa-slot-validation-actions-fc-9-deb"
  },
  "/docs/rasa/stories/-fb6": {
    "component": "component---theme-doc-item-178-a40",
    "content": "content---docs-rasa-stories-e-83-eb0"
  },
  "/docs/rasa/telemetry/-3a2": {
    "component": "component---theme-doc-item-178-a40",
    "content": "content---docs-rasa-telemetry-386-a17"
  },
  "/docs/rasa/telemetry/reference/-501": {
    "component": "component---theme-doc-item-178-a40",
    "content": "content---docs-rasa-telemetry-reference-62-d-61e"
  },
  "/docs/rasa/testing-your-assistant/-fce": {
    "component": "component---theme-doc-item-178-a40",
    "content": "content---docs-rasa-testing-your-assistant-3-c-6-190"
  },
  "/docs/rasa/tracker-stores/-240": {
    "component": "component---theme-doc-item-178-a40",
    "content": "content---docs-rasa-tracker-stores-342-7ac"
  },
  "/docs/rasa/training-data-format/-a3b": {
    "component": "component---theme-doc-item-178-a40",
    "content": "content---docs-rasa-training-data-format-907-3d0"
  },
  "/docs/rasa/training-data-importers/-171": {
    "component": "component---theme-doc-item-178-a40",
    "content": "content---docs-rasa-training-data-importers-aeb-32b"
  },
  "/docs/rasa/tuning-your-model/-b37": {
    "component": "component---theme-doc-item-178-a40",
    "content": "content---docs-rasa-tuning-your-model-279-b9a"
  },
  "/docs/rasa/unexpected-input/-2fc": {
    "component": "component---theme-doc-item-178-a40",
    "content": "content---docs-rasa-unexpected-input-6-a-8-9f0"
  },
  "/docs/rasa/writing-stories/-cce": {
    "component": "component---theme-doc-item-178-a40",
    "content": "content---docs-rasa-writing-stories-ded-42e"
  }
}