{
  "docusaurusVersion": "2.0.0-beta.14",
  "siteVersion": "0.1.0-alpha.0",
  "pluginVersions": {
    "docusaurus-plugin-redoc": {
      "type": "package",
      "name": "docusaurus-plugin-redoc",
      "version": "0.5.0"
    },
    "docusaurus-theme-redoc": {
      "type": "package",
      "name": "docusaurus-theme-redoc",
      "version": "0.5.0"
    },
    "docusaurus-plugin-content-docs": {
      "type": "package",
      "name": "@docusaurus/plugin-content-docs",
      "version": "2.0.0-beta.14"
    },
    "docusaurus-plugin-ideal-image": {
      "type": "package",
      "name": "@docusaurus/plugin-ideal-image",
      "version": "2.0.0-beta.14"
    },
    "plugin-css": {
      "type": "package"
    },
    "docusaurus-theme-classic": {
      "type": "package",
      "name": "@docusaurus/theme-classic",
      "version": "2.0.0-beta.14"
    },
    "theme-search-algolia-patched": {
      "type": "package"
    },
    "theme-classic-swizzled": {
      "type": "package"
    },
    "theme-tabula": {
      "type": "package"
    }
  }
}