{
  "unversionedId": "stories",
  "id": "version-2.x/stories",
  "title": "Stories",
  "description": "Stories are used to teach Rasa real conversation designs to learn from providing the basis for a scalable machine learning dialogue management.",
  "source": "@site/versioned_docs/version-2.x/stories.mdx",
  "sourceDirName": ".",
  "slug": "/stories",
  "permalink": "/docs/rasa/2.x/stories",
  "editUrl": "https://github.com/RasaHQ/rasa/tree/main/docs/versioned_docs/version-2.x/stories.mdx",
  "tags": [],
  "version": "2.x",
  "frontMatter": {
    "id": "stories",
    "sidebar_label": "Stories",
    "title": "Stories",
    "description": "Stories are used to teach Rasa real conversation designs to learn from providing the basis for a scalable machine learning dialogue management.",
    "abstract": "Stories are a type of training data used to train your assistant's dialogue management model. Stories can be used to train models that are able to generalize to unseen conversation paths."
  },
  "sidebar": "version-2.x/default",
  "previous": {
    "title": "NLU Training Data",
    "permalink": "/docs/rasa/2.x/nlu-training-data"
  },
  "next": {
    "title": "Rules",
    "permalink": "/docs/rasa/2.x/rules"
  }
}