{
  "unversionedId": "policies",
  "id": "version-2.x/policies",
  "title": "Policies",
  "description": "You can customize the policies your assistant uses by specifying the policies",
  "source": "@site/versioned_docs/version-2.x/policies.mdx",
  "sourceDirName": ".",
  "slug": "/policies",
  "permalink": "/docs/rasa/2.x/policies",
  "editUrl": "https://github.com/RasaHQ/rasa/tree/main/docs/versioned_docs/version-2.x/policies.mdx",
  "tags": [],
  "version": "2.x",
  "frontMatter": {
    "id": "policies",
    "sidebar_label": "Policies",
    "title": "Policies",
    "abstract": "Your assistant uses policies to decide which action to take at each step in a conversation. There are machine-learning and rule-based policies that your assistant can use in tandem."
  },
  "sidebar": "version-2.x/default",
  "previous": {
    "title": "Pipeline Components",
    "permalink": "/docs/rasa/2.x/components"
  },
  "next": {
    "title": "Importers",
    "permalink": "/docs/rasa/2.x/training-data-importers"
  }
}