{
  "unversionedId": "connectors/twilio",
  "id": "version-3.x/connectors/twilio",
  "title": "Twilio",
  "description": "Deploy a Rasa Open Source assistant through text message or WhatsApp via the Twilio connector",
  "source": "@site/versioned_docs/version-3.x/connectors/twilio.mdx",
  "sourceDirName": "connectors",
  "slug": "/connectors/twilio",
  "permalink": "/docs/rasa/connectors/twilio",
  "editUrl": "https://github.com/RasaHQ/rasa/tree/main/docs/versioned_docs/version-3.x/connectors/twilio.mdx",
  "tags": [],
  "version": "3.x",
  "frontMatter": {
    "id": "twilio",
    "sidebar_label": "Twilio",
    "title": "Twilio",
    "description": "Deploy a Rasa Open Source assistant through text message or WhatsApp via the Twilio connector"
  },
  "sidebar": "version-3.x/default",
  "previous": {
    "title": "Telegram",
    "permalink": "/docs/rasa/connectors/telegram"
  },
  "next": {
    "title": "Google Hangouts Chat",
    "permalink": "/docs/rasa/connectors/hangouts"
  }
}