{
  "unversionedId": "fallback-handoff",
  "id": "version-3.x/fallback-handoff",
  "title": "Fallback and Human Handoff",
  "description": "Even if you design your bot perfectly, users will inevitably say things to your",
  "source": "@site/versioned_docs/version-3.x/fallback-handoff.mdx",
  "sourceDirName": ".",
  "slug": "/fallback-handoff",
  "permalink": "/docs/rasa/fallback-handoff",
  "editUrl": "https://github.com/RasaHQ/rasa/tree/main/docs/versioned_docs/version-3.x/fallback-handoff.mdx",
  "tags": [],
  "version": "3.x",
  "frontMatter": {
    "id": "fallback-handoff",
    "sidebar_label": "Fallback and Human Handoff",
    "title": "Fallback and Human Handoff",
    "abstract": "This is a guide on how to handle various failures of your assistant."
  },
  "sidebar": "version-3.x/default",
  "previous": {
    "title": "Handling Business Logic",
    "permalink": "/docs/rasa/business-logic"
  },
  "next": {
    "title": "Handling Unexpected Input",
    "permalink": "/docs/rasa/unexpected-input"
  }
}