{
  "unversionedId": "custom-graph-components",
  "id": "version-3.x/custom-graph-components",
  "title": "Custom Graph Components",
  "description": "Rasa Open Source provides a variety of NLU components and",
  "source": "@site/versioned_docs/version-3.x/custom-graph-components.mdx",
  "sourceDirName": ".",
  "slug": "/custom-graph-components",
  "permalink": "/docs/rasa/custom-graph-components",
  "editUrl": "https://github.com/RasaHQ/rasa/tree/main/docs/versioned_docs/version-3.x/custom-graph-components.mdx",
  "tags": [],
  "version": "3.x",
  "frontMatter": {
    "id": "custom-graph-components",
    "sidebar_label": "Custom Graph Components",
    "title": "Custom Graph Components",
    "abstract": "You can extend Rasa Open Source with custom NLU components and policies. This page provides a guide on how to develop your own custom graph components."
  },
  "sidebar": "version-3.x/default",
  "previous": {
    "title": "Policies",
    "permalink": "/docs/rasa/policies"
  },
  "next": {
    "title": "Importers",
    "permalink": "/docs/rasa/training-data-importers"
  }
}