{
  "unversionedId": "glossary",
  "id": "version-3.x/glossary",
  "title": "Rasa Glossary",
  "description": "Glossary for all Rasa-related terms",
  "source": "@site/versioned_docs/version-3.x/glossary.mdx",
  "sourceDirName": ".",
  "slug": "/glossary",
  "permalink": "/docs/rasa/glossary",
  "editUrl": "https://github.com/RasaHQ/rasa/tree/main/docs/versioned_docs/version-3.x/glossary.mdx",
  "tags": [],
  "version": "3.x",
  "frontMatter": {
    "id": "glossary",
    "sidebar_label": "Rasa Glossary",
    "title": "Rasa Glossary",
    "description": "Glossary for all Rasa-related terms"
  },
  "sidebar": "version-3.x/default",
  "previous": {
    "title": "Deploying Your Assistant",
    "permalink": "/docs/rasa/how-to-deploy"
  },
  "next": {
    "title": "Training Data Format",
    "permalink": "/docs/rasa/training-data-format"
  }
}