{
  "unversionedId": "migration-guide",
  "id": "version-3.x/migration-guide",
  "title": "Version Migration Guide",
  "description": "Information about changes between major versions of chatbot framework Rasa Core\nand how you can migrate from one version to another.\n",
  "source": "@site/versioned_docs/version-3.x/migration-guide.mdx",
  "sourceDirName": ".",
  "slug": "/migration-guide",
  "permalink": "/docs/rasa/migration-guide",
  "editUrl": "https://github.com/RasaHQ/rasa/tree/main/docs/versioned_docs/version-3.x/migration-guide.mdx",
  "tags": [],
  "version": "3.x",
  "frontMatter": {
    "id": "migration-guide",
    "sidebar_label": "Version Migration Guide",
    "title": "Version Migration Guide",
    "description": "Information about changes between major versions of chatbot framework Rasa Core\nand how you can migrate from one version to another.\n"
  },
  "sidebar": "version-3.x/default",
  "previous": {
    "title": "Rasa Open Source Change Log",
    "permalink": "/docs/rasa/changelog"
  },
  "next": {
    "title": "Actively Maintained Versions",
    "permalink": "/docs/rasa/actively-maintained-versions"
  }
}