{
  "unversionedId": "language-support",
  "id": "version-2.x/language-support",
  "title": "Language Support",
  "description": "Your Rasa assistant can be used on training data in any language.",
  "source": "@site/versioned_docs/version-2.x/language-support.mdx",
  "sourceDirName": ".",
  "slug": "/language-support",
  "permalink": "/docs/rasa/2.x/language-support",
  "editUrl": "https://github.com/RasaHQ/rasa/tree/main/docs/versioned_docs/version-2.x/language-support.mdx",
  "tags": [],
  "version": "2.x",
  "frontMatter": {
    "id": "language-support",
    "sidebar_label": "Language Support",
    "title": "Language Support",
    "abstract": "You can use Rasa to build assistants in any language you want."
  },
  "sidebar": "version-2.x/default",
  "previous": {
    "title": "Importers",
    "permalink": "/docs/rasa/2.x/training-data-importers"
  },
  "next": {
    "title": "Overview",
    "permalink": "/docs/rasa/2.x/actions"
  }
}