{
  "unversionedId": "training-data-format",
  "id": "version-2.x/training-data-format",
  "title": "Training Data Format",
  "description": "Description of the YAML format for training data",
  "source": "@site/versioned_docs/version-2.x/training-data-format.mdx",
  "sourceDirName": ".",
  "slug": "/training-data-format",
  "permalink": "/docs/rasa/2.x/training-data-format",
  "editUrl": "https://github.com/RasaHQ/rasa/tree/main/docs/versioned_docs/version-2.x/training-data-format.mdx",
  "tags": [],
  "version": "2.x",
  "frontMatter": {
    "id": "training-data-format",
    "sidebar_label": "Training Data Format",
    "title": "Training Data Format",
    "description": "Description of the YAML format for training data",
    "abstract": "This page describes the different types of training data that go into a Rasa assistant and how this training data is structured."
  },
  "sidebar": "version-2.x/default",
  "previous": {
    "title": "Rasa Glossary",
    "permalink": "/docs/rasa/2.x/glossary"
  },
  "next": {
    "title": "NLU Training Data",
    "permalink": "/docs/rasa/2.x/nlu-training-data"
  }
}