{
  "unversionedId": "http-api",
  "id": "version-2.x/http-api",
  "title": "Rasa Open Source HTTP API",
  "description": "Read about Rasa's HTTP API that has endpoints for conversations, training models, and configuring your bot.",
  "source": "@site/versioned_docs/version-2.x/http-api.mdx",
  "sourceDirName": ".",
  "slug": "/http-api",
  "permalink": "/docs/rasa/2.x/http-api",
  "editUrl": "https://github.com/RasaHQ/rasa/tree/main/docs/versioned_docs/version-2.x/http-api.mdx",
  "tags": [],
  "version": "2.x",
  "frontMatter": {
    "id": "http-api",
    "sidebar_label": "HTTP API",
    "title": "Rasa Open Source HTTP API",
    "description": "Read about Rasa's HTTP API that has endpoints for conversations, training models, and configuring your bot.",
    "abstract": "You can use the HTTP API to interact with a running Rasa Open Source server. With the API, you can train models, send messages, run tests, and more."
  },
  "sidebar": "version-2.x/default",
  "previous": {
    "title": "NLG",
    "permalink": "/docs/rasa/2.x/nlg"
  },
  "next": {
    "title": "NLU-Only Server",
    "permalink": "/docs/rasa/2.x/nlu-only-server"
  }
}