{
  "unversionedId": "generating-nlu-data",
  "id": "version-3.x/generating-nlu-data",
  "title": "Generating NLU Data",
  "description": "NLU (Natural Language Understanding) is the part of Rasa Open Source that performs",
  "source": "@site/versioned_docs/version-3.x/generating-nlu-data.mdx",
  "sourceDirName": ".",
  "slug": "/generating-nlu-data",
  "permalink": "/docs/rasa/generating-nlu-data",
  "editUrl": "https://github.com/RasaHQ/rasa/tree/main/docs/versioned_docs/version-3.x/generating-nlu-data.mdx",
  "tags": [],
  "version": "3.x",
  "frontMatter": {
    "id": "generating-nlu-data",
    "sidebar_label": "Generating NLU Data",
    "title": "Generating NLU Data"
  },
  "sidebar": "version-3.x/default",
  "previous": {
    "title": "Conversation-Driven Development",
    "permalink": "/docs/rasa/conversation-driven-development"
  },
  "next": {
    "title": "Writing Conversation Data",
    "permalink": "/docs/rasa/writing-stories"
  }
}