{
  "unversionedId": "event-brokers",
  "id": "version-3.x/event-brokers",
  "title": "Event Brokers",
  "description": "Find out how open source chatbot framework Rasa allows you to stream events to a message broker.",
  "source": "@site/versioned_docs/version-3.x/event-brokers.mdx",
  "sourceDirName": ".",
  "slug": "/event-brokers",
  "permalink": "/docs/rasa/event-brokers",
  "editUrl": "https://github.com/RasaHQ/rasa/tree/main/docs/versioned_docs/version-3.x/event-brokers.mdx",
  "tags": [],
  "version": "3.x",
  "frontMatter": {
    "id": "event-brokers",
    "sidebar_label": "Event Brokers",
    "title": "Event Brokers",
    "description": "Find out how open source chatbot framework Rasa allows you to stream events to a message broker."
  },
  "sidebar": "version-3.x/default",
  "previous": {
    "title": "Tracker Stores",
    "permalink": "/docs/rasa/tracker-stores"
  },
  "next": {
    "title": "Model Storage",
    "permalink": "/docs/rasa/model-storage"
  }
}