{
  "unversionedId": "domain",
  "id": "version-2.x/domain",
  "title": "Domain",
  "description": "Here is a full example of a domain, taken from the",
  "source": "@site/versioned_docs/version-2.x/domain.mdx",
  "sourceDirName": ".",
  "slug": "/domain",
  "permalink": "/docs/rasa/2.x/domain",
  "editUrl": "https://github.com/RasaHQ/rasa/tree/main/docs/versioned_docs/version-2.x/domain.mdx",
  "tags": [],
  "version": "2.x",
  "frontMatter": {
    "id": "domain",
    "sidebar_label": "Domain",
    "title": "Domain",
    "abstract": "The domain defines the universe in which your assistant operates. It specifies the intents, entities, slots, responses, forms, and actions your bot should know about. It also defines a configuration for conversation sessions."
  },
  "sidebar": "version-2.x/default",
  "previous": {
    "title": "Rules",
    "permalink": "/docs/rasa/2.x/rules"
  },
  "next": {
    "title": "Overview",
    "permalink": "/docs/rasa/2.x/model-configuration"
  }
}