{
  "unversionedId": "default-actions",
  "id": "version-3.x/default-actions",
  "title": "Default Actions",
  "description": "Each of these actions have a default behavior, described in the sections below.",
  "source": "@site/versioned_docs/version-3.x/default-actions.mdx",
  "sourceDirName": ".",
  "slug": "/default-actions",
  "permalink": "/docs/rasa/default-actions",
  "editUrl": "https://github.com/RasaHQ/rasa/tree/main/docs/versioned_docs/version-3.x/default-actions.mdx",
  "tags": [],
  "version": "3.x",
  "frontMatter": {
    "id": "default-actions",
    "sidebar_label": "Default Actions",
    "title": "Default Actions",
    "abstract": "Default actions are actions that are built into the dialogue manager by default. Most of these are automatically predicted based on certain conversation situations. You may want to customize these to personalize your assistant."
  },
  "sidebar": "version-3.x/default",
  "previous": {
    "title": "Forms",
    "permalink": "/docs/rasa/forms"
  },
  "next": {
    "title": "Slot Validation Actions",
    "permalink": "/docs/rasa/slot-validation-actions"
  }
}