{
  "unversionedId": "writing-stories",
  "id": "version-2.x/writing-stories",
  "title": "Writing Conversation Data",
  "description": "Designing Stories",
  "source": "@site/versioned_docs/version-2.x/writing-stories.mdx",
  "sourceDirName": ".",
  "slug": "/writing-stories",
  "permalink": "/docs/rasa/2.x/writing-stories",
  "editUrl": "https://github.com/RasaHQ/rasa/tree/main/docs/versioned_docs/version-2.x/writing-stories.mdx",
  "tags": [],
  "version": "2.x",
  "frontMatter": {
    "id": "writing-stories",
    "sidebar_label": "Writing Conversation Data",
    "title": "Writing Conversation Data",
    "abstract": "Conversation data includes the stories and rules that make up the training data for your Rasa assistant's dialogue management model. Well-written conversation data allows your assistant to reliably follow conversation paths you've laid out and generalize to unexpected paths."
  },
  "sidebar": "version-2.x/default",
  "previous": {
    "title": "Generating NLU Data",
    "permalink": "/docs/rasa/2.x/generating-nlu-data"
  },
  "next": {
    "title": "Chitchat and FAQs",
    "permalink": "/docs/rasa/2.x/chitchat-faqs"
  }
}