{
  "unversionedId": "responses",
  "id": "version-3.x/responses",
  "title": "Responses",
  "description": "Defining Responses",
  "source": "@site/versioned_docs/version-3.x/responses.mdx",
  "sourceDirName": ".",
  "slug": "/responses",
  "permalink": "/docs/rasa/responses",
  "editUrl": "https://github.com/RasaHQ/rasa/tree/main/docs/versioned_docs/version-3.x/responses.mdx",
  "tags": [],
  "version": "3.x",
  "frontMatter": {
    "id": "responses",
    "sidebar_label": "Responses",
    "title": "Responses",
    "abstract": "Responses are messages that your assistant sends to the user. A response is usually only text, but can also include content like images and buttons."
  },
  "sidebar": "version-3.x/default",
  "previous": {
    "title": "Overview",
    "permalink": "/docs/rasa/actions"
  },
  "next": {
    "title": "Custom Actions",
    "permalink": "/docs/rasa/custom-actions"
  }
}