{
  "unversionedId": "arch-overview",
  "id": "version-3.x/arch-overview",
  "title": "Rasa Architecture Overview",
  "description": "The diagram below provides an overview of the Rasa Open Source architecture. The two primary",
  "source": "@site/versioned_docs/version-3.x/arch-overview.mdx",
  "sourceDirName": ".",
  "slug": "/arch-overview",
  "permalink": "/docs/rasa/arch-overview",
  "editUrl": "https://github.com/RasaHQ/rasa/tree/main/docs/versioned_docs/version-3.x/arch-overview.mdx",
  "tags": [],
  "version": "3.x",
  "frontMatter": {
    "id": "arch-overview",
    "sidebar_label": "Overview",
    "title": "Rasa Architecture Overview",
    "abstract": "Rasa Open Source has a scalable architecture. Read about the key components of the Rasa Open Source architecture."
  },
  "sidebar": "version-3.x/default",
  "previous": {
    "title": "Custom Connectors",
    "permalink": "/docs/rasa/connectors/custom-connectors"
  },
  "next": {
    "title": "Tracker Stores",
    "permalink": "/docs/rasa/tracker-stores"
  }
}