{
  "unversionedId": "lock-stores",
  "id": "version-3.x/lock-stores",
  "title": "Lock Stores",
  "description": "Messages that are being processed lock Rasa for a given conversation ID to ensure that multiple incoming messages for that conversation do not interfere with each other. Rasa provides multiple implementations to maintain conversation locks.",
  "source": "@site/versioned_docs/version-3.x/lock-stores.mdx",
  "sourceDirName": ".",
  "slug": "/lock-stores",
  "permalink": "/docs/rasa/lock-stores",
  "editUrl": "https://github.com/RasaHQ/rasa/tree/main/docs/versioned_docs/version-3.x/lock-stores.mdx",
  "tags": [],
  "version": "3.x",
  "frontMatter": {
    "id": "lock-stores",
    "sidebar_label": "Lock Stores",
    "title": "Lock Stores",
    "description": "Messages that are being processed lock Rasa for a given conversation ID to ensure that multiple incoming messages for that conversation do not interfere with each other. Rasa provides multiple implementations to maintain conversation locks."
  },
  "sidebar": "version-3.x/default",
  "previous": {
    "title": "Model Storage",
    "permalink": "/docs/rasa/model-storage"
  },
  "next": {
    "title": "Using NLU Only",
    "permalink": "/docs/rasa/nlu-only"
  }
}