{
  "unversionedId": "changelog",
  "id": "version-3.x/changelog",
  "title": "Rasa Open Source Change Log",
  "description": "All notable changes to this project will be documented in this file.",
  "source": "@site/versioned_docs/version-3.x/changelog.mdx",
  "sourceDirName": ".",
  "slug": "/changelog",
  "permalink": "/docs/rasa/changelog",
  "editUrl": "https://github.com/RasaHQ/rasa/tree/main/docs/versioned_docs/version-3.x/changelog.mdx",
  "tags": [],
  "version": "3.x",
  "frontMatter": {
    "id": "changelog",
    "sidebar_label": "Rasa Open Source Change Log",
    "title": "Rasa Open Source Change Log"
  },
  "sidebar": "version-3.x/default",
  "previous": {
    "title": "NLU-Only Server",
    "permalink": "/docs/rasa/nlu-only-server"
  },
  "next": {
    "title": "Version Migration Guide",
    "permalink": "/docs/rasa/migration-guide"
  }
}