{
  "unversionedId": "nlg",
  "id": "version-2.x/nlg",
  "title": "NLG Servers",
  "description": "Retraining the bot just to change the text copy can be suboptimal for",
  "source": "@site/versioned_docs/version-2.x/nlg.mdx",
  "sourceDirName": ".",
  "slug": "/nlg",
  "permalink": "/docs/rasa/2.x/nlg",
  "editUrl": "https://github.com/RasaHQ/rasa/tree/main/docs/versioned_docs/version-2.x/nlg.mdx",
  "tags": [],
  "version": "2.x",
  "frontMatter": {
    "id": "nlg",
    "sidebar_label": "NLG",
    "title": "NLG Servers"
  },
  "sidebar": "version-2.x/default",
  "previous": {
    "title": "Using NLU Only",
    "permalink": "/docs/rasa/2.x/nlu-only"
  },
  "next": {
    "title": "HTTP API",
    "permalink": "/docs/rasa/2.x/http-api"
  }
}