{
  "unversionedId": "architecture",
  "id": "version-3.x/architecture",
  "title": "Rasa Architecture",
  "description": "Check the architecture to understand how Rasa uses machine learning, context and state of the conversation to predict the next action of the AI Assistant.",
  "source": "@site/versioned_docs/version-3.x/architecture.mdx",
  "sourceDirName": ".",
  "slug": "/architecture",
  "permalink": "/docs/rasa/architecture",
  "editUrl": "https://github.com/RasaHQ/rasa/tree/main/docs/versioned_docs/version-3.x/architecture.mdx",
  "tags": [],
  "version": "3.x",
  "frontMatter": {
    "id": "architecture",
    "sidebar_label": "Rasa Architecture",
    "title": "Rasa Architecture",
    "description": "Check the architecture to understand how Rasa uses machine learning, context and state of the conversation to predict the next action of the AI Assistant."
  }
}