{
  "unversionedId": "policies",
  "id": "version-3.x/policies",
  "title": "Policies",
  "description": "You can customize the policies your assistant uses by specifying the policies",
  "source": "@site/versioned_docs/version-3.x/policies.mdx",
  "sourceDirName": ".",
  "slug": "/policies",
  "permalink": "/docs/rasa/policies",
  "editUrl": "https://github.com/RasaHQ/rasa/tree/main/docs/versioned_docs/version-3.x/policies.mdx",
  "tags": [],
  "version": "3.x",
  "frontMatter": {
    "id": "policies",
    "sidebar_label": "Policies",
    "title": "Policies",
    "abstract": "Your assistant uses policies to decide which action to take at each step in a conversation. There are machine-learning and rule-based policies that your assistant can use in tandem."
  },
  "sidebar": "version-3.x/default",
  "previous": {
    "title": "Pipeline Components",
    "permalink": "/docs/rasa/components"
  },
  "next": {
    "title": "Custom Graph Components",
    "permalink": "/docs/rasa/custom-graph-components"
  }
}