{
  "unversionedId": "connectors/custom-connectors",
  "id": "version-3.x/connectors/custom-connectors",
  "title": "Custom Connectors",
  "description": "Deploy and Run a Rasa Chat Bot on a custom chat interface",
  "source": "@site/versioned_docs/version-3.x/connectors/custom-connectors.mdx",
  "sourceDirName": "connectors",
  "slug": "/connectors/custom-connectors",
  "permalink": "/docs/rasa/connectors/custom-connectors",
  "editUrl": "https://github.com/RasaHQ/rasa/tree/main/docs/versioned_docs/version-3.x/connectors/custom-connectors.mdx",
  "tags": [],
  "version": "3.x",
  "frontMatter": {
    "id": "custom-connectors",
    "sidebar_label": "Custom Connectors",
    "title": "Custom Connectors",
    "description": "Deploy and Run a Rasa Chat Bot on a custom chat interface"
  },
  "sidebar": "version-3.x/default",
  "previous": {
    "title": "Mattermost",
    "permalink": "/docs/rasa/connectors/mattermost"
  },
  "next": {
    "title": "Overview",
    "permalink": "/docs/rasa/arch-overview"
  }
}