{
  "unversionedId": "connectors/hangouts",
  "id": "version-2.x/connectors/hangouts",
  "title": "Google Hangouts Chat",
  "description": "Build a Rasa Chat Bot on Google Hangouts Chat",
  "source": "@site/versioned_docs/version-2.x/connectors/hangouts.mdx",
  "sourceDirName": "connectors",
  "slug": "/connectors/hangouts",
  "permalink": "/docs/rasa/2.x/connectors/hangouts",
  "editUrl": "https://github.com/RasaHQ/rasa/tree/main/docs/versioned_docs/version-2.x/connectors/hangouts.mdx",
  "tags": [],
  "version": "2.x",
  "frontMatter": {
    "id": "hangouts",
    "sidebar_label": "Google Hangouts Chat",
    "title": "Google Hangouts Chat",
    "description": "Build a Rasa Chat Bot on Google Hangouts Chat"
  },
  "sidebar": "version-2.x/default",
  "previous": {
    "title": "Twilio",
    "permalink": "/docs/rasa/2.x/connectors/twilio"
  },
  "next": {
    "title": "Microsoft Bot Framework",
    "permalink": "/docs/rasa/2.x/connectors/microsoft-bot-framework"
  }
}