{
  "unversionedId": "telemetry/reference",
  "id": "version-3.x/telemetry/reference",
  "title": "Telemetry Event Reference",
  "description": "Telemetry events are only reported if telemetry is enabled. A detailed explanation",
  "source": "@site/versioned_docs/version-3.x/telemetry/reference.mdx",
  "sourceDirName": "telemetry",
  "slug": "/telemetry/reference",
  "permalink": "/docs/rasa/telemetry/reference",
  "editUrl": "https://github.com/RasaHQ/rasa/tree/main/docs/versioned_docs/version-3.x/telemetry/reference.mdx",
  "tags": [],
  "version": "3.x",
  "frontMatter": {
    "id": "reference",
    "sidebar_label": "Telemetry Event Reference",
    "title": "Telemetry Event Reference",
    "abstract": "Event descriptions of telemetry data we report in order to improve our products.\n"
  }
}