{
  "unversionedId": "forms",
  "id": "version-3.x/forms",
  "title": "Forms",
  "description": "Follow a rule-based process of information gathering using forms in open source bot framework Rasa.",
  "source": "@site/versioned_docs/version-3.x/forms.mdx",
  "sourceDirName": ".",
  "slug": "/forms",
  "permalink": "/docs/rasa/forms",
  "editUrl": "https://github.com/RasaHQ/rasa/tree/main/docs/versioned_docs/version-3.x/forms.mdx",
  "tags": [],
  "version": "3.x",
  "frontMatter": {
    "id": "forms",
    "sidebar_label": "Forms",
    "title": "Forms",
    "description": "Follow a rule-based process of information gathering using forms in open source bot framework Rasa.",
    "abstract": "One of the most common conversation patterns is to collect a few pieces of information from a user in order to do something (book a restaurant, call an API, search a database, etc.). This is also called **slot filling**."
  },
  "sidebar": "version-3.x/default",
  "previous": {
    "title": "Custom Actions",
    "permalink": "/docs/rasa/custom-actions"
  },
  "next": {
    "title": "Default Actions",
    "permalink": "/docs/rasa/default-actions"
  }
}