{
  "unversionedId": "connectors/twilio-voice",
  "id": "version-2.x/connectors/twilio-voice",
  "title": "Twilio Voice",
  "description": "Deploy a Rasa Open Source IVR assistant via the Twilio Voice connector",
  "source": "@site/versioned_docs/version-2.x/connectors/twilio-voice.mdx",
  "sourceDirName": "connectors",
  "slug": "/connectors/twilio-voice",
  "permalink": "/docs/rasa/2.x/connectors/twilio-voice",
  "editUrl": "https://github.com/RasaHQ/rasa/tree/main/docs/versioned_docs/version-2.x/connectors/twilio-voice.mdx",
  "tags": [],
  "version": "2.x",
  "frontMatter": {
    "id": "twilio-voice",
    "sidebar_label": "Twilio Voice",
    "title": "Twilio Voice",
    "description": "Deploy a Rasa Open Source IVR assistant via the Twilio Voice connector"
  }
}