{
  "unversionedId": "model-configuration",
  "id": "version-3.x/model-configuration",
  "title": "Model Configuration",
  "description": "Learn about model configuration for Rasa Open Source.",
  "source": "@site/versioned_docs/version-3.x/model-configuration.mdx",
  "sourceDirName": ".",
  "slug": "/model-configuration",
  "permalink": "/docs/rasa/model-configuration",
  "editUrl": "https://github.com/RasaHQ/rasa/tree/main/docs/versioned_docs/version-3.x/model-configuration.mdx",
  "tags": [],
  "version": "3.x",
  "frontMatter": {
    "id": "model-configuration",
    "sidebar_label": "Overview",
    "title": "Model Configuration",
    "description": "Learn about model configuration for Rasa Open Source.",
    "abstract": "The configuration file defines the components and policies that your model will use to make predictions based on user input."
  },
  "sidebar": "version-3.x/default",
  "previous": {
    "title": "Domain",
    "permalink": "/docs/rasa/domain"
  },
  "next": {
    "title": "Pipeline Components",
    "permalink": "/docs/rasa/components"
  }
}