{
  "unversionedId": "connectors/your-own-website",
  "id": "version-3.x/connectors/your-own-website",
  "title": "Your Own Website",
  "description": "Deploy and Run a Rasa Chat Bot on a Website",
  "source": "@site/versioned_docs/version-3.x/connectors/your-own-website.mdx",
  "sourceDirName": "connectors",
  "slug": "/connectors/your-own-website",
  "permalink": "/docs/rasa/connectors/your-own-website",
  "editUrl": "https://github.com/RasaHQ/rasa/tree/main/docs/versioned_docs/version-3.x/connectors/your-own-website.mdx",
  "tags": [],
  "version": "3.x",
  "frontMatter": {
    "id": "your-own-website",
    "sidebar_label": "Your Own Website",
    "title": "Your Own Website",
    "description": "Deploy and Run a Rasa Chat Bot on a Website"
  },
  "sidebar": "version-3.x/default",
  "previous": {
    "title": "Markers",
    "permalink": "/docs/rasa/markers"
  },
  "next": {
    "title": "Facebook Messenger",
    "permalink": "/docs/rasa/connectors/facebook-messenger"
  }
}