{
  "unversionedId": "connectors/slack",
  "id": "version-2.x/connectors/slack",
  "title": "Slack",
  "description": "Build a Rasa Chat Bot on Slack",
  "source": "@site/versioned_docs/version-2.x/connectors/slack.mdx",
  "sourceDirName": "connectors",
  "slug": "/connectors/slack",
  "permalink": "/docs/rasa/2.x/connectors/slack",
  "editUrl": "https://github.com/RasaHQ/rasa/tree/main/docs/versioned_docs/version-2.x/connectors/slack.mdx",
  "tags": [],
  "version": "2.x",
  "frontMatter": {
    "id": "slack",
    "sidebar_label": "Slack",
    "title": "Slack",
    "description": "Build a Rasa Chat Bot on Slack"
  },
  "sidebar": "version-2.x/default",
  "previous": {
    "title": "Facebook Messenger",
    "permalink": "/docs/rasa/2.x/connectors/facebook-messenger"
  },
  "next": {
    "title": "Telegram",
    "permalink": "/docs/rasa/2.x/connectors/telegram"
  }
}