{
  "unversionedId": "training-data-importers",
  "id": "version-2.x/training-data-importers",
  "title": "Training Data Importers",
  "description": "Change the way Rasa imports training data by replacing the default importer or writing your own importer.",
  "source": "@site/versioned_docs/version-2.x/training-data-importers.mdx",
  "sourceDirName": ".",
  "slug": "/training-data-importers",
  "permalink": "/docs/rasa/2.x/training-data-importers",
  "editUrl": "https://github.com/RasaHQ/rasa/tree/main/docs/versioned_docs/version-2.x/training-data-importers.mdx",
  "tags": [],
  "version": "2.x",
  "frontMatter": {
    "id": "training-data-importers",
    "sidebar_label": "Importers",
    "title": "Training Data Importers",
    "description": "Change the way Rasa imports training data by replacing the default importer or writing your own importer.",
    "abstract": "Rasa Open Source has built-in logic to collect and load training data written in Rasa format, but you can also customize how your training data gets imported using custom training data importers."
  },
  "sidebar": "version-2.x/default",
  "previous": {
    "title": "Policies",
    "permalink": "/docs/rasa/2.x/policies"
  },
  "next": {
    "title": "Language Support",
    "permalink": "/docs/rasa/2.x/language-support"
  }
}