{
  "unversionedId": "rules",
  "id": "version-2.x/rules",
  "title": "Rules",
  "description": "Use Rasa Open Source rules to respond to FAQs, fill forms, or handle fallbacks gracefully.",
  "source": "@site/versioned_docs/version-2.x/rules.mdx",
  "sourceDirName": ".",
  "slug": "/rules",
  "permalink": "/docs/rasa/2.x/rules",
  "editUrl": "https://github.com/RasaHQ/rasa/tree/main/docs/versioned_docs/version-2.x/rules.mdx",
  "tags": [],
  "version": "2.x",
  "frontMatter": {
    "id": "rules",
    "sidebar_label": "Rules",
    "title": "Rules",
    "description": "Use Rasa Open Source rules to respond to FAQs, fill forms, or handle fallbacks gracefully.",
    "abstract": "Rules are a type of training data used to train your assistant's dialogue management model. Rules describe short pieces of conversations that should always follow the same path."
  },
  "sidebar": "version-2.x/default",
  "previous": {
    "title": "Stories",
    "permalink": "/docs/rasa/2.x/stories"
  },
  "next": {
    "title": "Domain",
    "permalink": "/docs/rasa/2.x/domain"
  }
}