{
  "unversionedId": "connectors/rocketchat",
  "id": "version-2.x/connectors/rocketchat",
  "title": "RocketChat",
  "description": "Build a Rasa Chat Bot on Rocketchat",
  "source": "@site/versioned_docs/version-2.x/connectors/rocketchat.mdx",
  "sourceDirName": "connectors",
  "slug": "/connectors/rocketchat",
  "permalink": "/docs/rasa/2.x/connectors/rocketchat",
  "editUrl": "https://github.com/RasaHQ/rasa/tree/main/docs/versioned_docs/version-2.x/connectors/rocketchat.mdx",
  "tags": [],
  "version": "2.x",
  "frontMatter": {
    "id": "rocketchat",
    "sidebar_label": "RocketChat",
    "title": "RocketChat",
    "description": "Build a Rasa Chat Bot on Rocketchat"
  },
  "sidebar": "version-2.x/default",
  "previous": {
    "title": "Cisco Webex Teams",
    "permalink": "/docs/rasa/2.x/connectors/cisco-webex-teams"
  },
  "next": {
    "title": "Mattermost",
    "permalink": "/docs/rasa/2.x/connectors/mattermost"
  }
}