{
  "unversionedId": "markers",
  "id": "version-3.x/markers",
  "title": "Markers",
  "description": "Find out how to mark points of interest in dialogues using Marker conditions.",
  "source": "@site/versioned_docs/version-3.x/markers.mdx",
  "sourceDirName": ".",
  "slug": "/markers",
  "permalink": "/docs/rasa/markers",
  "editUrl": "https://github.com/RasaHQ/rasa/tree/main/docs/versioned_docs/version-3.x/markers.mdx",
  "tags": [],
  "version": "3.x",
  "frontMatter": {
    "id": "markers",
    "sidebar_label": "Markers",
    "title": "Markers",
    "description": "Find out how to mark points of interest in dialogues using Marker conditions.",
    "abstract": "Markers are conditions used to describe and mark points of interest in dialogues."
  },
  "sidebar": "version-3.x/default",
  "previous": {
    "title": "Slot Validation Actions",
    "permalink": "/docs/rasa/slot-validation-actions"
  },
  "next": {
    "title": "Your Own Website",
    "permalink": "/docs/rasa/connectors/your-own-website"
  }
}