{
  "unversionedId": "jupyter-notebooks",
  "id": "version-3.x/jupyter-notebooks",
  "title": "Jupyter Notebooks",
  "description": "Learn how to integrate open source chatbot platform Rasa into Jupyter notebooks, alongside all your machine learning code.",
  "source": "@site/versioned_docs/version-3.x/jupyter-notebooks.mdx",
  "sourceDirName": ".",
  "slug": "/jupyter-notebooks",
  "permalink": "/docs/rasa/jupyter-notebooks",
  "editUrl": "https://github.com/RasaHQ/rasa/tree/main/docs/versioned_docs/version-3.x/jupyter-notebooks.mdx",
  "tags": [],
  "version": "3.x",
  "frontMatter": {
    "id": "jupyter-notebooks",
    "sidebar_label": "Jupyter Notebooks",
    "title": "Jupyter Notebooks",
    "description": "Learn how to integrate open source chatbot platform Rasa into Jupyter notebooks, alongside all your machine learning code."
  }
}