{
  "unversionedId": "custom-actions",
  "id": "version-3.x/custom-actions",
  "title": "Custom Actions",
  "description": "For details on how to implement a custom action, see the SDK documentation.",
  "source": "@site/versioned_docs/version-3.x/custom-actions.mdx",
  "sourceDirName": ".",
  "slug": "/custom-actions",
  "permalink": "/docs/rasa/custom-actions",
  "editUrl": "https://github.com/RasaHQ/rasa/tree/main/docs/versioned_docs/version-3.x/custom-actions.mdx",
  "tags": [],
  "version": "3.x",
  "frontMatter": {
    "id": "custom-actions",
    "sidebar_label": "Custom Actions",
    "title": "Custom Actions",
    "abstract": "A custom action can run any code you want, including API calls, database queries etc. They can turn on the lights, add an event to a calendar, check a user's bank balance, or anything else you can imagine."
  },
  "sidebar": "version-3.x/default",
  "previous": {
    "title": "Responses",
    "permalink": "/docs/rasa/responses"
  },
  "next": {
    "title": "Forms",
    "permalink": "/docs/rasa/forms"
  }
}