{
  "unversionedId": "introduction",
  "id": "version-2.x/introduction",
  "title": "Introduction to Rasa Open Source",
  "description": "Learn more about open-source natural language processing library Rasa for conversation handling, intent classification and entity extraction in on premise chatbots.",
  "source": "@site/versioned_docs/version-2.x/introduction.mdx",
  "sourceDirName": ".",
  "slug": "/",
  "permalink": "/docs/rasa/2.x/",
  "editUrl": "https://github.com/RasaHQ/rasa/tree/main/docs/versioned_docs/version-2.x/introduction.mdx",
  "tags": [],
  "version": "2.x",
  "frontMatter": {
    "slug": "/",
    "sidebar_label": "Introduction",
    "title": "Introduction to Rasa Open Source",
    "hide_table_of_contents": true,
    "description": "Learn more about open-source natural language processing library Rasa for conversation handling, intent classification and entity extraction in on premise chatbots.",
    "abstract": "Rasa is an open source machine learning framework for automated text and voice-based conversations. Understand messages, hold conversations, and connect to messaging channels and APIs."
  },
  "sidebar": "version-2.x/default",
  "next": {
    "title": "Rasa Playground",
    "permalink": "/docs/rasa/2.x/playground"
  }
}