{
  "unversionedId": "chitchat-faqs",
  "id": "version-2.x/chitchat-faqs",
  "title": "Chitchat and FAQs",
  "description": "FAQs and chitchat are two cases where the conversational assistant responds with a fixed set of messages, and the assistant should always answer the same way,",
  "source": "@site/versioned_docs/version-2.x/chitchat-faqs.mdx",
  "sourceDirName": ".",
  "slug": "/chitchat-faqs",
  "permalink": "/docs/rasa/2.x/chitchat-faqs",
  "editUrl": "https://github.com/RasaHQ/rasa/tree/main/docs/versioned_docs/version-2.x/chitchat-faqs.mdx",
  "tags": [],
  "version": "2.x",
  "frontMatter": {
    "id": "chitchat-faqs",
    "sidebar_label": "Chitchat and FAQs",
    "title": "Chitchat and FAQs",
    "abstract": "FAQ assistants are the simplest assistants to build and typically the first kind of assistant anyone builds. This page is a guide to the concepts and training data you need to handle non-contextual questions like FAQs and chitchat."
  },
  "sidebar": "version-2.x/default",
  "previous": {
    "title": "Writing Conversation Data",
    "permalink": "/docs/rasa/2.x/writing-stories"
  },
  "next": {
    "title": "Handling Business Logic",
    "permalink": "/docs/rasa/2.x/business-logic"
  }
}