{
  "unversionedId": "docker/building-in-docker",
  "id": "version-3.x/docker/building-in-docker",
  "title": "Building a Rasa Assistant in Docker",
  "description": "Learn how to build a Rasa assistant in Docker.",
  "source": "@site/versioned_docs/version-3.x/docker/building-in-docker.mdx",
  "sourceDirName": "docker",
  "slug": "/docker/building-in-docker",
  "permalink": "/docs/rasa/docker/building-in-docker",
  "editUrl": "https://github.com/RasaHQ/rasa/tree/main/docs/versioned_docs/version-3.x/docker/building-in-docker.mdx",
  "tags": [],
  "version": "3.x",
  "frontMatter": {
    "id": "building-in-docker",
    "sidebar_label": "Building a Rasa Assistant in Docker",
    "title": "Building a Rasa Assistant in Docker",
    "description": "Learn how to build a Rasa assistant in Docker."
  }
}