{
  "unversionedId": "actions",
  "id": "version-2.x/actions",
  "title": "Actions",
  "description": "Responses",
  "source": "@site/versioned_docs/version-2.x/actions.mdx",
  "sourceDirName": ".",
  "slug": "/actions",
  "permalink": "/docs/rasa/2.x/actions",
  "editUrl": "https://github.com/RasaHQ/rasa/tree/main/docs/versioned_docs/version-2.x/actions.mdx",
  "tags": [],
  "version": "2.x",
  "frontMatter": {
    "id": "actions",
    "sidebar_label": "Overview",
    "title": "Actions",
    "abstract": "After each user message, the model will predict an action that the assistant should perform next. This page gives you an overview of the different types of actions you can use."
  },
  "sidebar": "version-2.x/default",
  "previous": {
    "title": "Language Support",
    "permalink": "/docs/rasa/2.x/language-support"
  },
  "next": {
    "title": "Responses",
    "permalink": "/docs/rasa/2.x/responses"
  }
}