{
  "unversionedId": "actively-maintained-versions",
  "id": "version-3.x/actively-maintained-versions",
  "title": "Actively Maintained Versions",
  "description": "We're actively maintaining any minor on our latest major release and the latest minor of the previous major release.",
  "source": "@site/versioned_docs/version-3.x/actively-maintained-versions.mdx",
  "sourceDirName": ".",
  "slug": "/actively-maintained-versions",
  "permalink": "/docs/rasa/actively-maintained-versions",
  "editUrl": "https://github.com/RasaHQ/rasa/tree/main/docs/versioned_docs/version-3.x/actively-maintained-versions.mdx",
  "tags": [],
  "version": "3.x",
  "frontMatter": {
    "id": "actively-maintained-versions",
    "sidebar_label": "Actively Maintained Versions",
    "title": "Actively Maintained Versions",
    "abstract": "This page gathers information about Rasa Open Source releases that are actively maintained."
  },
  "sidebar": "version-3.x/default",
  "previous": {
    "title": "Version Migration Guide",
    "permalink": "/docs/rasa/migration-guide"
  }
}