{
  "unversionedId": "components",
  "id": "version-3.x/components",
  "title": "Components",
  "description": "Language Models",
  "source": "@site/versioned_docs/version-3.x/components.mdx",
  "sourceDirName": ".",
  "slug": "/components",
  "permalink": "/docs/rasa/components",
  "editUrl": "https://github.com/RasaHQ/rasa/tree/main/docs/versioned_docs/version-3.x/components.mdx",
  "tags": [],
  "version": "3.x",
  "frontMatter": {
    "id": "components",
    "sidebar_label": "Pipeline Components",
    "title": "Components",
    "abstract": "Components make up your NLU pipeline and work sequentially to process user input into structured output. There are components for entity extraction, for intent classification, response selection, pre-processing, and more."
  },
  "sidebar": "version-3.x/default",
  "previous": {
    "title": "Overview",
    "permalink": "/docs/rasa/model-configuration"
  },
  "next": {
    "title": "Policies",
    "permalink": "/docs/rasa/policies"
  }
}