{
  "unversionedId": "migrate-from/facebook-wit-ai-to-rasa",
  "id": "version-2.x/migrate-from/facebook-wit-ai-to-rasa",
  "title": "Rasa as open source alternative to Facebook’s Wit.ai - Migration Guide",
  "description": "Open source alternative to Facebook's Wit.ai for conversational bots and NLP",
  "source": "@site/versioned_docs/version-2.x/migrate-from/facebook-wit-ai-to-rasa.mdx",
  "sourceDirName": "migrate-from",
  "slug": "/migrate-from/facebook-wit-ai-to-rasa",
  "permalink": "/docs/rasa/2.x/migrate-from/facebook-wit-ai-to-rasa",
  "editUrl": "https://github.com/RasaHQ/rasa/tree/main/docs/versioned_docs/version-2.x/migrate-from/facebook-wit-ai-to-rasa.mdx",
  "tags": [],
  "version": "2.x",
  "frontMatter": {
    "id": "facebook-wit-ai-to-rasa",
    "sidebar_label": "Rasa as open source alternative to Facebook’s Wit.ai - Migration Guide",
    "title": "Rasa as open source alternative to Facebook’s Wit.ai - Migration Guide",
    "description": "Open source alternative to Facebook's Wit.ai for conversational bots and NLP"
  }
}