{
  "unversionedId": "unexpected-input",
  "id": "version-2.x/unexpected-input",
  "title": "Handling Unexpected Input",
  "description": "Unexpected input is a deviation from the happy path",
  "source": "@site/versioned_docs/version-2.x/unexpected-input.mdx",
  "sourceDirName": ".",
  "slug": "/unexpected-input",
  "permalink": "/docs/rasa/2.x/unexpected-input",
  "editUrl": "https://github.com/RasaHQ/rasa/tree/main/docs/versioned_docs/version-2.x/unexpected-input.mdx",
  "tags": [],
  "version": "2.x",
  "frontMatter": {
    "id": "unexpected-input",
    "sidebar_label": "Handling Unexpected Input",
    "title": "Handling Unexpected Input",
    "abstract": "One thing you can count on when building a conversational assistant is that users will say unexpected things. This page is a guide on handling unexpected input."
  },
  "sidebar": "version-2.x/default",
  "previous": {
    "title": "Fallback and Human Handoff",
    "permalink": "/docs/rasa/2.x/fallback-handoff"
  },
  "next": {
    "title": "Contextual Conversations",
    "permalink": "/docs/rasa/2.x/contextual-conversations"
  }
}