{
  "unversionedId": "business-logic",
  "id": "version-3.x/business-logic",
  "title": "Handling Business Logic",
  "description": "Conversational assistants often support user goals that involve collecting required information",
  "source": "@site/versioned_docs/version-3.x/business-logic.mdx",
  "sourceDirName": ".",
  "slug": "/business-logic",
  "permalink": "/docs/rasa/business-logic",
  "editUrl": "https://github.com/RasaHQ/rasa/tree/main/docs/versioned_docs/version-3.x/business-logic.mdx",
  "tags": [],
  "version": "3.x",
  "frontMatter": {
    "id": "business-logic",
    "sidebar_label": "Handling Business Logic",
    "title": "Handling Business Logic",
    "abstract": "Conversational assistants often need to ask users for information in order to help them. You can use Forms to collect the required user information and fulfill a request."
  },
  "sidebar": "version-3.x/default",
  "previous": {
    "title": "Chitchat and FAQs",
    "permalink": "/docs/rasa/chitchat-faqs"
  },
  "next": {
    "title": "Fallback and Human Handoff",
    "permalink": "/docs/rasa/fallback-handoff"
  }
}