{
  "unversionedId": "model-storage",
  "id": "version-3.x/model-storage",
  "title": "Model Storage",
  "description": "You can load your trained model in three different ways:",
  "source": "@site/versioned_docs/version-3.x/model-storage.mdx",
  "sourceDirName": ".",
  "slug": "/model-storage",
  "permalink": "/docs/rasa/model-storage",
  "editUrl": "https://github.com/RasaHQ/rasa/tree/main/docs/versioned_docs/version-3.x/model-storage.mdx",
  "tags": [],
  "version": "3.x",
  "frontMatter": {
    "id": "model-storage",
    "sidebar_label": "Model Storage",
    "title": "Model Storage",
    "abstract": "Models can be stored in different places after you trained your assistant. This\npage explains how to configure Rasa to load your models.\n"
  },
  "sidebar": "version-3.x/default",
  "previous": {
    "title": "Event Brokers",
    "permalink": "/docs/rasa/event-brokers"
  },
  "next": {
    "title": "Lock Stores",
    "permalink": "/docs/rasa/lock-stores"
  }
}