{
  "unversionedId": "docker/deploying-in-docker-compose",
  "id": "version-2.x/docker/deploying-in-docker-compose",
  "title": "Deploying a Rasa Open Source Assistant in Docker Compose",
  "description": "Use Docker Compose to deploy a Rasa Open Source assistant",
  "source": "@site/versioned_docs/version-2.x/docker/deploying-in-docker-compose.mdx",
  "sourceDirName": "docker",
  "slug": "/docker/deploying-in-docker-compose",
  "permalink": "/docs/rasa/2.x/docker/deploying-in-docker-compose",
  "editUrl": "https://github.com/RasaHQ/rasa/tree/main/docs/versioned_docs/version-2.x/docker/deploying-in-docker-compose.mdx",
  "tags": [],
  "version": "2.x",
  "frontMatter": {
    "id": "deploying-in-docker-compose",
    "sidebar_label": "Deploying a Rasa Open Source Assistant in Docker Compose",
    "title": "Deploying a Rasa Open Source Assistant in Docker Compose",
    "description": "Use Docker Compose to deploy a Rasa Open Source assistant"
  }
}