{
  "unversionedId": "tuning-your-model",
  "id": "version-2.x/tuning-your-model",
  "title": "Tuning Your NLU Model",
  "description": "How to Choose a Pipeline",
  "source": "@site/versioned_docs/version-2.x/tuning-your-model.mdx",
  "sourceDirName": ".",
  "slug": "/tuning-your-model",
  "permalink": "/docs/rasa/2.x/tuning-your-model",
  "editUrl": "https://github.com/RasaHQ/rasa/tree/main/docs/versioned_docs/version-2.x/tuning-your-model.mdx",
  "tags": [],
  "version": "2.x",
  "frontMatter": {
    "id": "tuning-your-model",
    "sidebar_label": "Tuning Your NLU Model",
    "title": "Tuning Your NLU Model",
    "abstract": "Rasa Open Source will provide you with a suggested NLU config on initialization of the project, but as your project grows, it's likely that you will need to adjust your config to suit your training data."
  },
  "sidebar": "version-2.x/default",
  "previous": {
    "title": "Connecting to a Channel",
    "permalink": "/docs/rasa/2.x/messaging-and-voice-channels"
  },
  "next": {
    "title": "Testing Your Assistant",
    "permalink": "/docs/rasa/2.x/testing-your-assistant"
  }
}