{
  "unversionedId": "tracker-stores",
  "id": "version-3.x/tracker-stores",
  "title": "Tracker Stores",
  "description": "All conversations are stored within a tracker store. Read how Rasa Open Source provides implementations for different store types out of the box.",
  "source": "@site/versioned_docs/version-3.x/tracker-stores.mdx",
  "sourceDirName": ".",
  "slug": "/tracker-stores",
  "permalink": "/docs/rasa/tracker-stores",
  "editUrl": "https://github.com/RasaHQ/rasa/tree/main/docs/versioned_docs/version-3.x/tracker-stores.mdx",
  "tags": [],
  "version": "3.x",
  "frontMatter": {
    "id": "tracker-stores",
    "sidebar_label": "Tracker Stores",
    "title": "Tracker Stores",
    "description": "All conversations are stored within a tracker store. Read how Rasa Open Source provides implementations for different store types out of the box.",
    "abstract": "Your assistant's conversations are stored within a tracker store. Rasa Open Source provides implementations for different store types out of the box, or you can create your own custom one."
  },
  "sidebar": "version-3.x/default",
  "previous": {
    "title": "Overview",
    "permalink": "/docs/rasa/arch-overview"
  },
  "next": {
    "title": "Event Brokers",
    "permalink": "/docs/rasa/event-brokers"
  }
}