{
  "unversionedId": "playground",
  "id": "version-3.x/playground",
  "title": "Rasa Playground",
  "description": "<Prototyper",
  "source": "@site/versioned_docs/version-3.x/playground.mdx",
  "sourceDirName": ".",
  "slug": "/playground",
  "permalink": "/docs/rasa/playground",
  "editUrl": "https://github.com/RasaHQ/rasa/tree/main/docs/versioned_docs/version-3.x/playground.mdx",
  "tags": [],
  "version": "3.x",
  "frontMatter": {
    "id": "playground",
    "sidebar_label": "Rasa Playground",
    "title": "Rasa Playground",
    "abstract": "Learn the basics of building an assistant with Rasa Open Source with this interactive guide. You will be able to customize the assistant, talk to it and download the project so you can continue to build.",
    "hide_table_of_contents": true
  },
  "sidebar": "version-3.x/default",
  "previous": {
    "title": "Introduction",
    "permalink": "/docs/rasa/"
  },
  "next": {
    "title": "Installation",
    "permalink": "/docs/rasa/installation"
  }
}