{
  "unversionedId": "migrate-from/ibm-watson-to-rasa",
  "id": "version-3.x/migrate-from/ibm-watson-to-rasa",
  "title": "Rasa as open source alternative to IBM Watson - Migration Tips",
  "description": "Open source alternative to IBM Watson for conversational bots and NLP",
  "source": "@site/versioned_docs/version-3.x/migrate-from/ibm-watson-to-rasa.mdx",
  "sourceDirName": "migrate-from",
  "slug": "/migrate-from/ibm-watson-to-rasa",
  "permalink": "/docs/rasa/migrate-from/ibm-watson-to-rasa",
  "editUrl": "https://github.com/RasaHQ/rasa/tree/main/docs/versioned_docs/version-3.x/migrate-from/ibm-watson-to-rasa.mdx",
  "tags": [],
  "version": "3.x",
  "frontMatter": {
    "id": "ibm-watson-to-rasa",
    "sidebar_label": "Rasa as open source alternative to IBM Watson - Migration Tips",
    "title": "Rasa as open source alternative to IBM Watson - Migration Tips",
    "description": "Open source alternative to IBM Watson for conversational bots and NLP"
  }
}