{
  "unversionedId": "connectors/microsoft-bot-framework",
  "id": "version-3.x/connectors/microsoft-bot-framework",
  "title": "Microsoft Bot Framework",
  "description": "Build a Rasa Chat Bot on Microsoft Bot Framework",
  "source": "@site/versioned_docs/version-3.x/connectors/microsoft-bot-framework.mdx",
  "sourceDirName": "connectors",
  "slug": "/connectors/microsoft-bot-framework",
  "permalink": "/docs/rasa/connectors/microsoft-bot-framework",
  "editUrl": "https://github.com/RasaHQ/rasa/tree/main/docs/versioned_docs/version-3.x/connectors/microsoft-bot-framework.mdx",
  "tags": [],
  "version": "3.x",
  "frontMatter": {
    "id": "microsoft-bot-framework",
    "sidebar_label": "Microsoft Bot Framework",
    "title": "Microsoft Bot Framework",
    "description": "Build a Rasa Chat Bot on Microsoft Bot Framework"
  },
  "sidebar": "version-3.x/default",
  "previous": {
    "title": "Google Hangouts Chat",
    "permalink": "/docs/rasa/connectors/hangouts"
  },
  "next": {
    "title": "Cisco Webex Teams",
    "permalink": "/docs/rasa/connectors/cisco-webex-teams"
  }
}