{
  "unversionedId": "reaching-out-to-user",
  "id": "version-3.x/reaching-out-to-user",
  "title": "Reaching Out to the User",
  "description": "Reaching out first",
  "source": "@site/versioned_docs/version-3.x/reaching-out-to-user.mdx",
  "sourceDirName": ".",
  "slug": "/reaching-out-to-user",
  "permalink": "/docs/rasa/reaching-out-to-user",
  "editUrl": "https://github.com/RasaHQ/rasa/tree/main/docs/versioned_docs/version-3.x/reaching-out-to-user.mdx",
  "tags": [],
  "version": "3.x",
  "frontMatter": {
    "id": "reaching-out-to-user",
    "sidebar_label": "Reaching Out to the User",
    "title": "Reaching Out to the User",
    "abstract": "Sometimes you want your assistant to reach out to the user without the user's prompting. For example, you might want the assistant to send a message when the user opens the chat window, or you might want to prompt the user if they haven't sent a message for a while. This page is a guide to enabling your assistant to reach out to the user proactively."
  },
  "sidebar": "version-3.x/default",
  "previous": {
    "title": "Contextual Conversations",
    "permalink": "/docs/rasa/contextual-conversations"
  },
  "next": {
    "title": "Connecting to a Channel",
    "permalink": "/docs/rasa/messaging-and-voice-channels"
  }
}