{
  "unversionedId": "telemetry/telemetry",
  "id": "version-2.x/telemetry/telemetry",
  "title": "Rasa Telemetry",
  "description": "For the team working on Rasa Open Source it is important to understand",
  "source": "@site/versioned_docs/version-2.x/telemetry/telemetry.mdx",
  "sourceDirName": "telemetry",
  "slug": "/telemetry/",
  "permalink": "/docs/rasa/2.x/telemetry/",
  "editUrl": "https://github.com/RasaHQ/rasa/tree/main/docs/versioned_docs/version-2.x/telemetry/telemetry.mdx",
  "tags": [],
  "version": "2.x",
  "frontMatter": {
    "id": "telemetry",
    "sidebar_label": "Rasa Telemetry",
    "title": "Rasa Telemetry",
    "abstract": "Rasa uses telemetry to report anonymous usage information. This information\nis essential to help improve Rasa Open Source for all users.\n"
  }
}