{
  "unversionedId": "messaging-and-voice-channels",
  "id": "version-2.x/messaging-and-voice-channels",
  "title": "Connecting to Messaging and Voice Channels",
  "description": "Check out how to make your Rasa assistant available on platforms like Facebook Messenger, Slack, Telegram or even your very own website.",
  "source": "@site/versioned_docs/version-2.x/messaging-and-voice-channels.mdx",
  "sourceDirName": ".",
  "slug": "/messaging-and-voice-channels",
  "permalink": "/docs/rasa/2.x/messaging-and-voice-channels",
  "editUrl": "https://github.com/RasaHQ/rasa/tree/main/docs/versioned_docs/version-2.x/messaging-and-voice-channels.mdx",
  "tags": [],
  "version": "2.x",
  "frontMatter": {
    "id": "messaging-and-voice-channels",
    "sidebar_label": "Connecting to a Channel",
    "title": "Connecting to Messaging and Voice Channels",
    "description": "Check out how to make your Rasa assistant available on platforms like Facebook Messenger, Slack, Telegram or even your very own website.",
    "abstract": "Rasa Open Source provides many built-in connectors to connect to common messaging and voice channels. You can also connect to your website or app with pre-configured REST channels or build your own custom connector."
  },
  "sidebar": "version-2.x/default",
  "previous": {
    "title": "Reaching Out to the User",
    "permalink": "/docs/rasa/2.x/reaching-out-to-user"
  },
  "next": {
    "title": "Tuning Your NLU Model",
    "permalink": "/docs/rasa/2.x/tuning-your-model"
  }
}