{
  "unversionedId": "connectors/mattermost",
  "id": "version-3.x/connectors/mattermost",
  "title": "Mattermost",
  "description": "Build a Rasa Chat Bot on Mattermost",
  "source": "@site/versioned_docs/version-3.x/connectors/mattermost.mdx",
  "sourceDirName": "connectors",
  "slug": "/connectors/mattermost",
  "permalink": "/docs/rasa/connectors/mattermost",
  "editUrl": "https://github.com/RasaHQ/rasa/tree/main/docs/versioned_docs/version-3.x/connectors/mattermost.mdx",
  "tags": [],
  "version": "3.x",
  "frontMatter": {
    "id": "mattermost",
    "sidebar_label": "Mattermost",
    "title": "Mattermost",
    "description": "Build a Rasa Chat Bot on Mattermost"
  },
  "sidebar": "version-3.x/default",
  "previous": {
    "title": "RocketChat",
    "permalink": "/docs/rasa/connectors/rocketchat"
  },
  "next": {
    "title": "Custom Connectors",
    "permalink": "/docs/rasa/connectors/custom-connectors"
  }
}