{
  "unversionedId": "connectors/cisco-webex-teams",
  "id": "version-3.x/connectors/cisco-webex-teams",
  "title": "Cisco Webex Teams",
  "description": "Build a Rasa Chat Bot on Cisco Webex",
  "source": "@site/versioned_docs/version-3.x/connectors/cisco-webex-teams.mdx",
  "sourceDirName": "connectors",
  "slug": "/connectors/cisco-webex-teams",
  "permalink": "/docs/rasa/connectors/cisco-webex-teams",
  "editUrl": "https://github.com/RasaHQ/rasa/tree/main/docs/versioned_docs/version-3.x/connectors/cisco-webex-teams.mdx",
  "tags": [],
  "version": "3.x",
  "frontMatter": {
    "id": "cisco-webex-teams",
    "sidebar_label": "Cisco Webex Teams",
    "title": "Cisco Webex Teams",
    "description": "Build a Rasa Chat Bot on Cisco Webex"
  },
  "sidebar": "version-3.x/default",
  "previous": {
    "title": "Microsoft Bot Framework",
    "permalink": "/docs/rasa/connectors/microsoft-bot-framework"
  },
  "next": {
    "title": "RocketChat",
    "permalink": "/docs/rasa/connectors/rocketchat"
  }
}