{
  "unversionedId": "how-to-deploy",
  "id": "version-2.x/how-to-deploy",
  "title": "Deploying Your Rasa Assistant",
  "description": "How to deploy your Rasa Assistant with Docker Compose or Kubernetes/Openshift",
  "source": "@site/versioned_docs/version-2.x/how-to-deploy.mdx",
  "sourceDirName": ".",
  "slug": "/how-to-deploy",
  "permalink": "/docs/rasa/2.x/how-to-deploy",
  "editUrl": "https://github.com/RasaHQ/rasa/tree/main/docs/versioned_docs/version-2.x/how-to-deploy.mdx",
  "tags": [],
  "version": "2.x",
  "frontMatter": {
    "id": "how-to-deploy",
    "sidebar_label": "Deploying Your Assistant",
    "title": "Deploying Your Rasa Assistant",
    "description": "How to deploy your Rasa Assistant with Docker Compose or Kubernetes/Openshift",
    "abstract": "This page explains when and how to deploy an assistant built with Rasa. It will allow you to make your assistant available to users and set you up with a production-ready environment."
  },
  "sidebar": "version-2.x/default",
  "previous": {
    "title": "Setting up CI/CD",
    "permalink": "/docs/rasa/2.x/setting-up-ci-cd"
  },
  "next": {
    "title": "Rasa Glossary",
    "permalink": "/docs/rasa/2.x/glossary"
  }
}