{
  "unversionedId": "connectors/facebook-messenger",
  "id": "version-3.x/connectors/facebook-messenger",
  "title": "Facebook Messenger",
  "description": "Build a Rasa Chat Bot on Facebook Messenger",
  "source": "@site/versioned_docs/version-3.x/connectors/facebook-messenger.mdx",
  "sourceDirName": "connectors",
  "slug": "/connectors/facebook-messenger",
  "permalink": "/docs/rasa/connectors/facebook-messenger",
  "editUrl": "https://github.com/RasaHQ/rasa/tree/main/docs/versioned_docs/version-3.x/connectors/facebook-messenger.mdx",
  "tags": [],
  "version": "3.x",
  "frontMatter": {
    "id": "facebook-messenger",
    "sidebar_label": "Facebook Messenger",
    "title": "Facebook Messenger",
    "description": "Build a Rasa Chat Bot on Facebook Messenger"
  },
  "sidebar": "version-3.x/default",
  "previous": {
    "title": "Your Own Website",
    "permalink": "/docs/rasa/connectors/your-own-website"
  },
  "next": {
    "title": "Slack",
    "permalink": "/docs/rasa/connectors/slack"
  }
}