{
  "unversionedId": "migrate-from",
  "id": "version-3.x/migrate-from",
  "title": "Migrate From Other Tools (beta)",
  "description": "Here are a few reasons why we see developers switching from other tools to Rasa Open Source:",
  "source": "@site/versioned_docs/version-3.x/migrate-from.mdx",
  "sourceDirName": ".",
  "slug": "/migrate-from",
  "permalink": "/docs/rasa/migrate-from",
  "editUrl": "https://github.com/RasaHQ/rasa/tree/main/docs/versioned_docs/version-3.x/migrate-from.mdx",
  "tags": [],
  "version": "3.x",
  "frontMatter": {
    "id": "migrate-from",
    "sidebar_label": "Migrate From (beta)",
    "title": "Migrate From Other Tools (beta)"
  },
  "sidebar": "version-3.x/default",
  "previous": {
    "title": "Installation",
    "permalink": "/docs/rasa/installation"
  },
  "next": {
    "title": "Command Line Interface",
    "permalink": "/docs/rasa/command-line-interface"
  }
}