{
  "unversionedId": "nlu-only-server",
  "id": "version-2.x/nlu-only-server",
  "title": "NLU-Only Server",
  "description": "Read about connecting to a Rasa NLU-only server using the HTTP API.",
  "source": "@site/versioned_docs/version-2.x/nlu-only-server.mdx",
  "sourceDirName": ".",
  "slug": "/nlu-only-server",
  "permalink": "/docs/rasa/2.x/nlu-only-server",
  "editUrl": "https://github.com/RasaHQ/rasa/tree/main/docs/versioned_docs/version-2.x/nlu-only-server.mdx",
  "tags": [],
  "version": "2.x",
  "frontMatter": {
    "id": "nlu-only-server",
    "sidebar_label": "NLU-Only Server",
    "title": "NLU-Only Server",
    "description": "Read about connecting to a Rasa NLU-only server using the HTTP API.",
    "abstract": "You can run an NLU-only server and use the HTTP API to connect to it."
  },
  "sidebar": "version-2.x/default",
  "previous": {
    "title": "HTTP API",
    "permalink": "/docs/rasa/2.x/http-api"
  },
  "next": {
    "title": "Rasa Open Source Change Log",
    "permalink": "/docs/rasa/2.x/changelog"
  }
}