{
  "unversionedId": "setting-up-ci-cd",
  "id": "version-3.x/setting-up-ci-cd",
  "title": "Setting up CI/CD",
  "description": "Set up a CI/CD pipeline to ensure that iterative improvements to your assistant are tested and deployed with minimum manual effort",
  "source": "@site/versioned_docs/version-3.x/setting-up-ci-cd.mdx",
  "sourceDirName": ".",
  "slug": "/setting-up-ci-cd",
  "permalink": "/docs/rasa/setting-up-ci-cd",
  "editUrl": "https://github.com/RasaHQ/rasa/tree/main/docs/versioned_docs/version-3.x/setting-up-ci-cd.mdx",
  "tags": [],
  "version": "3.x",
  "frontMatter": {
    "id": "setting-up-ci-cd",
    "sidebar_label": "Setting up CI/CD",
    "title": "Setting up CI/CD",
    "description": "Set up a CI/CD pipeline to ensure that iterative improvements to your assistant are tested and deployed with minimum manual effort",
    "abstract": "Even though developing a contextual assistant is different from developing traditional software, you should still follow software development best practices. Setting up a Continuous Integration (CI) and Continuous Deployment (CD) pipeline ensures that incremental updates to your bot are improving it, not harming it."
  },
  "sidebar": "version-3.x/default",
  "previous": {
    "title": "Testing Your Assistant",
    "permalink": "/docs/rasa/testing-your-assistant"
  },
  "next": {
    "title": "Deploying Your Assistant",
    "permalink": "/docs/rasa/how-to-deploy"
  }
}