{
  "unversionedId": "connectors/telegram",
  "id": "version-3.x/connectors/telegram",
  "title": "Telegram",
  "description": "Build a Rasa Chat Bot on Telegram",
  "source": "@site/versioned_docs/version-3.x/connectors/telegram.mdx",
  "sourceDirName": "connectors",
  "slug": "/connectors/telegram",
  "permalink": "/docs/rasa/connectors/telegram",
  "editUrl": "https://github.com/RasaHQ/rasa/tree/main/docs/versioned_docs/version-3.x/connectors/telegram.mdx",
  "tags": [],
  "version": "3.x",
  "frontMatter": {
    "id": "telegram",
    "sidebar_label": "Telegram",
    "title": "Telegram",
    "description": "Build a Rasa Chat Bot on Telegram"
  },
  "sidebar": "version-3.x/default",
  "previous": {
    "title": "Slack",
    "permalink": "/docs/rasa/connectors/slack"
  },
  "next": {
    "title": "Twilio",
    "permalink": "/docs/rasa/connectors/twilio"
  }
}