{
  "unversionedId": "installation",
  "id": "version-2.x/installation",
  "title": "Installation",
  "description": "Install Rasa Open Source on premises to enable local and customizable Natural Language Understanding and Dialogue Management.",
  "source": "@site/versioned_docs/version-2.x/installation.mdx",
  "sourceDirName": ".",
  "slug": "/installation",
  "permalink": "/docs/rasa/2.x/installation",
  "editUrl": "https://github.com/RasaHQ/rasa/tree/main/docs/versioned_docs/version-2.x/installation.mdx",
  "tags": [],
  "version": "2.x",
  "frontMatter": {
    "sidebar_label": "Installation",
    "title": "Installation",
    "description": "Install Rasa Open Source on premises to enable local and customizable Natural Language Understanding and Dialogue Management."
  },
  "sidebar": "version-2.x/default",
  "previous": {
    "title": "Rasa Playground",
    "permalink": "/docs/rasa/2.x/playground"
  },
  "next": {
    "title": "Migrate From (beta)",
    "permalink": "/docs/rasa/2.x/migrate-from"
  }
}