{
  "unversionedId": "nlu-only",
  "id": "version-2.x/nlu-only",
  "title": "Using NLU Only",
  "description": "If you want to use Rasa only as an NLU component, you can!",
  "source": "@site/versioned_docs/version-2.x/nlu-only.mdx",
  "sourceDirName": ".",
  "slug": "/nlu-only",
  "permalink": "/docs/rasa/2.x/nlu-only",
  "editUrl": "https://github.com/RasaHQ/rasa/tree/main/docs/versioned_docs/version-2.x/nlu-only.mdx",
  "tags": [],
  "version": "2.x",
  "frontMatter": {
    "id": "nlu-only",
    "sidebar_label": "Using NLU Only",
    "title": "Using NLU Only",
    "abstract": "Find out how to use only Rasa NLU as a standalone NLU service for your chatbot or virtual assistant."
  },
  "sidebar": "version-2.x/default",
  "previous": {
    "title": "Lock Stores",
    "permalink": "/docs/rasa/2.x/lock-stores"
  },
  "next": {
    "title": "NLG",
    "permalink": "/docs/rasa/2.x/nlg"
  }
}