{
  "unversionedId": "nlu-training-data",
  "id": "version-3.x/nlu-training-data",
  "title": "NLU Training Data",
  "description": "Read more about how to format training data with Rasa NLU for open source natural language processing.",
  "source": "@site/versioned_docs/version-3.x/nlu-training-data.mdx",
  "sourceDirName": ".",
  "slug": "/nlu-training-data",
  "permalink": "/docs/rasa/nlu-training-data",
  "editUrl": "https://github.com/RasaHQ/rasa/tree/main/docs/versioned_docs/version-3.x/nlu-training-data.mdx",
  "tags": [],
  "version": "3.x",
  "frontMatter": {
    "id": "nlu-training-data",
    "sidebar_label": "NLU Training Data",
    "title": "NLU Training Data",
    "description": "Read more about how to format training data with Rasa NLU for open source natural language processing.",
    "abstract": "NLU training data stores structured information about user messages."
  },
  "sidebar": "version-3.x/default",
  "previous": {
    "title": "Training Data Format",
    "permalink": "/docs/rasa/training-data-format"
  },
  "next": {
    "title": "Stories",
    "permalink": "/docs/rasa/stories"
  }
}