{
  "unversionedId": "command-line-interface",
  "id": "version-2.x/command-line-interface",
  "title": "Command Line Interface",
  "description": "Command line interface for open source chatbot framework Rasa. Learn how to train, test and run your machine learning-based conversational AI assistants",
  "source": "@site/versioned_docs/version-2.x/command-line-interface.mdx",
  "sourceDirName": ".",
  "slug": "/command-line-interface",
  "permalink": "/docs/rasa/2.x/command-line-interface",
  "editUrl": "https://github.com/RasaHQ/rasa/tree/main/docs/versioned_docs/version-2.x/command-line-interface.mdx",
  "tags": [],
  "version": "2.x",
  "frontMatter": {
    "id": "command-line-interface",
    "sidebar_label": "Command Line Interface",
    "title": "Command Line Interface",
    "description": "Command line interface for open source chatbot framework Rasa. Learn how to train, test and run your machine learning-based conversational AI assistants",
    "abstract": "The command line interface (CLI) gives you easy-to-remember commands for common tasks. This page describes the behavior of the commands and the parameters you can pass to them."
  },
  "sidebar": "version-2.x/default",
  "previous": {
    "title": "Migrate From (beta)",
    "permalink": "/docs/rasa/2.x/migrate-from"
  },
  "next": {
    "title": "Conversation-Driven Development",
    "permalink": "/docs/rasa/2.x/conversation-driven-development"
  }
}