{
  "pluginId": "default",
  "version": "2.x",
  "label": "2.x",
  "banner": "unmaintained",
  "badge": true,
  "className": "docs-version-2.x",
  "isLast": false,
  "docsSidebars": {
    "version-2.x/default": [
      {
        "type": "link",
        "label": "Introduction",
        "href": "/docs/rasa/2.x/",
        "docId": "introduction"
      },
      {
        "type": "link",
        "label": "Rasa Playground",
        "href": "/docs/rasa/2.x/playground",
        "docId": "playground"
      },
      {
        "collapsed": false,
        "type": "category",
        "label": "Building Assistants",
        "items": [
          {
            "type": "link",
            "label": "Installation",
            "href": "/docs/rasa/2.x/installation",
            "docId": "installation"
          },
          {
            "type": "link",
            "label": "Migrate From (beta)",
            "href": "/docs/rasa/2.x/migrate-from",
            "docId": "migrate-from"
          },
          {
            "type": "link",
            "label": "Command Line Interface",
            "href": "/docs/rasa/2.x/command-line-interface",
            "docId": "command-line-interface"
          },
          {
            "collapsed": true,
            "type": "category",
            "label": "Best Practices",
            "items": [
              {
                "type": "link",
                "label": "Conversation-Driven Development",
                "href": "/docs/rasa/2.x/conversation-driven-development",
                "docId": "conversation-driven-development"
              },
              {
                "type": "link",
                "label": "Generating NLU Data",
                "href": "/docs/rasa/2.x/generating-nlu-data",
                "docId": "generating-nlu-data"
              },
              {
                "type": "link",
                "label": "Writing Conversation Data",
                "href": "/docs/rasa/2.x/writing-stories",
                "docId": "writing-stories"
              }
            ],
            "collapsible": true
          },
          {
            "collapsed": true,
            "type": "category",
            "label": "Conversation Patterns",
            "items": [
              {
                "type": "link",
                "label": "Chitchat and FAQs",
                "href": "/docs/rasa/2.x/chitchat-faqs",
                "docId": "chitchat-faqs"
              },
              {
                "type": "link",
                "label": "Handling Business Logic",
                "href": "/docs/rasa/2.x/business-logic",
                "docId": "business-logic"
              },
              {
                "type": "link",
                "label": "Fallback and Human Handoff",
                "href": "/docs/rasa/2.x/fallback-handoff",
                "docId": "fallback-handoff"
              },
              {
                "type": "link",
                "label": "Handling Unexpected Input",
                "href": "/docs/rasa/2.x/unexpected-input",
                "docId": "unexpected-input"
              },
              {
                "type": "link",
                "label": "Contextual Conversations",
                "href": "/docs/rasa/2.x/contextual-conversations",
                "docId": "contextual-conversations"
              },
              {
                "type": "link",
                "label": "Reaching Out to the User",
                "href": "/docs/rasa/2.x/reaching-out-to-user",
                "docId": "reaching-out-to-user"
              }
            ],
            "collapsible": true
          },
          {
            "collapsed": true,
            "type": "category",
            "label": "Preparing For Production",
            "items": [
              {
                "type": "link",
                "label": "Connecting to a Channel",
                "href": "/docs/rasa/2.x/messaging-and-voice-channels",
                "docId": "messaging-and-voice-channels"
              },
              {
                "type": "link",
                "label": "Tuning Your NLU Model",
                "href": "/docs/rasa/2.x/tuning-your-model",
                "docId": "tuning-your-model"
              },
              {
                "type": "link",
                "label": "Testing Your Assistant",
                "href": "/docs/rasa/2.x/testing-your-assistant",
                "docId": "testing-your-assistant"
              },
              {
                "type": "link",
                "label": "Setting up CI/CD",
                "href": "/docs/rasa/2.x/setting-up-ci-cd",
                "docId": "setting-up-ci-cd"
              },
              {
                "type": "link",
                "label": "Deploying Your Assistant",
                "href": "/docs/rasa/2.x/how-to-deploy",
                "docId": "how-to-deploy"
              }
            ],
            "collapsible": true
          },
          {
            "type": "link",
            "label": "Rasa Glossary",
            "href": "/docs/rasa/2.x/glossary",
            "docId": "glossary"
          }
        ],
        "collapsible": true
      },
      {
        "collapsed": false,
        "type": "category",
        "label": "Concepts",
        "items": [
          {
            "collapsed": true,
            "type": "category",
            "label": "Training Data",
            "items": [
              {
                "type": "link",
                "label": "Training Data Format",
                "href": "/docs/rasa/2.x/training-data-format",
                "docId": "training-data-format"
              },
              {
                "type": "link",
                "label": "NLU Training Data",
                "href": "/docs/rasa/2.x/nlu-training-data",
                "docId": "nlu-training-data"
              },
              {
                "type": "link",
                "label": "Stories",
                "href": "/docs/rasa/2.x/stories",
                "docId": "stories"
              },
              {
                "type": "link",
                "label": "Rules",
                "href": "/docs/rasa/2.x/rules",
                "docId": "rules"
              }
            ],
            "collapsible": true
          },
          {
            "type": "link",
            "label": "Domain",
            "href": "/docs/rasa/2.x/domain",
            "docId": "domain"
          },
          {
            "collapsed": true,
            "type": "category",
            "label": "Config",
            "items": [
              {
                "type": "link",
                "label": "Overview",
                "href": "/docs/rasa/2.x/model-configuration",
                "docId": "model-configuration"
              },
              {
                "type": "link",
                "label": "Pipeline Components",
                "href": "/docs/rasa/2.x/components",
                "docId": "components"
              },
              {
                "type": "link",
                "label": "Policies",
                "href": "/docs/rasa/2.x/policies",
                "docId": "policies"
              },
              {
                "type": "link",
                "label": "Importers",
                "href": "/docs/rasa/2.x/training-data-importers",
                "docId": "training-data-importers"
              },
              {
                "type": "link",
                "label": "Language Support",
                "href": "/docs/rasa/2.x/language-support",
                "docId": "language-support"
              }
            ],
            "collapsible": true
          },
          {
            "collapsed": true,
            "type": "category",
            "label": "Actions",
            "items": [
              {
                "type": "link",
                "label": "Overview",
                "href": "/docs/rasa/2.x/actions",
                "docId": "actions"
              },
              {
                "type": "link",
                "label": "Responses",
                "href": "/docs/rasa/2.x/responses",
                "docId": "responses"
              },
              {
                "type": "link",
                "label": "Custom Actions",
                "href": "/docs/rasa/2.x/custom-actions",
                "docId": "custom-actions"
              },
              {
                "type": "link",
                "label": "Forms",
                "href": "/docs/rasa/2.x/forms",
                "docId": "forms"
              },
              {
                "type": "link",
                "label": "Default Actions",
                "href": "/docs/rasa/2.x/default-actions",
                "docId": "default-actions"
              }
            ],
            "collapsible": true
          },
          {
            "collapsed": true,
            "type": "category",
            "label": "Channel Connectors",
            "items": [
              {
                "type": "link",
                "label": "Your Own Website",
                "href": "/docs/rasa/2.x/connectors/your-own-website",
                "docId": "connectors/your-own-website"
              },
              {
                "type": "link",
                "label": "Facebook Messenger",
                "href": "/docs/rasa/2.x/connectors/facebook-messenger",
                "docId": "connectors/facebook-messenger"
              },
              {
                "type": "link",
                "label": "Slack",
                "href": "/docs/rasa/2.x/connectors/slack",
                "docId": "connectors/slack"
              },
              {
                "type": "link",
                "label": "Telegram",
                "href": "/docs/rasa/2.x/connectors/telegram",
                "docId": "connectors/telegram"
              },
              {
                "type": "link",
                "label": "Twilio",
                "href": "/docs/rasa/2.x/connectors/twilio",
                "docId": "connectors/twilio"
              },
              {
                "type": "link",
                "label": "Google Hangouts Chat",
                "href": "/docs/rasa/2.x/connectors/hangouts",
                "docId": "connectors/hangouts"
              },
              {
                "type": "link",
                "label": "Microsoft Bot Framework",
                "href": "/docs/rasa/2.x/connectors/microsoft-bot-framework",
                "docId": "connectors/microsoft-bot-framework"
              },
              {
                "type": "link",
                "label": "Cisco Webex Teams",
                "href": "/docs/rasa/2.x/connectors/cisco-webex-teams",
                "docId": "connectors/cisco-webex-teams"
              },
              {
                "type": "link",
                "label": "RocketChat",
                "href": "/docs/rasa/2.x/connectors/rocketchat",
                "docId": "connectors/rocketchat"
              },
              {
                "type": "link",
                "label": "Mattermost",
                "href": "/docs/rasa/2.x/connectors/mattermost",
                "docId": "connectors/mattermost"
              },
              {
                "type": "link",
                "label": "Custom Connectors",
                "href": "/docs/rasa/2.x/connectors/custom-connectors",
                "docId": "connectors/custom-connectors"
              }
            ],
            "collapsible": true
          },
          {
            "collapsed": true,
            "type": "category",
            "label": "Architecture",
            "items": [
              {
                "type": "link",
                "label": "Overview",
                "href": "/docs/rasa/2.x/arch-overview",
                "docId": "arch-overview"
              },
              {
                "type": "link",
                "label": "Tracker Stores",
                "href": "/docs/rasa/2.x/tracker-stores",
                "docId": "tracker-stores"
              },
              {
                "type": "link",
                "label": "Event Brokers",
                "href": "/docs/rasa/2.x/event-brokers",
                "docId": "event-brokers"
              },
              {
                "type": "link",
                "label": "Model Storage",
                "href": "/docs/rasa/2.x/model-storage",
                "docId": "model-storage"
              },
              {
                "type": "link",
                "label": "Lock Stores",
                "href": "/docs/rasa/2.x/lock-stores",
                "docId": "lock-stores"
              },
              {
                "type": "link",
                "label": "Using NLU Only",
                "href": "/docs/rasa/2.x/nlu-only",
                "docId": "nlu-only"
              },
              {
                "type": "link",
                "label": "NLG",
                "href": "/docs/rasa/2.x/nlg",
                "docId": "nlg"
              }
            ],
            "collapsible": true
          }
        ],
        "collapsible": true
      },
      {
        "collapsed": true,
        "type": "category",
        "label": "APIs",
        "items": [
          {
            "type": "link",
            "label": "HTTP API",
            "href": "/docs/rasa/2.x/http-api",
            "docId": "http-api"
          },
          {
            "type": "link",
            "label": "NLU-Only Server",
            "href": "/docs/rasa/2.x/nlu-only-server",
            "docId": "nlu-only-server"
          }
        ],
        "collapsible": true
      },
      {
        "collapsed": true,
        "type": "category",
        "label": "Change Log",
        "items": [
          {
            "type": "link",
            "label": "Rasa Open Source Change Log",
            "href": "/docs/rasa/2.x/changelog",
            "docId": "changelog"
          },
          {
            "type": "link",
            "label": "Version Migration Guide",
            "href": "/docs/rasa/2.x/migration-guide",
            "docId": "migration-guide"
          }
        ],
        "collapsible": true
      }
    ]
  },
  "docs": {
    "actions": {
      "id": "actions",
      "title": "Actions",
      "description": "Responses",
      "sidebar": "version-2.x/default"
    },
    "arch-overview": {
      "id": "arch-overview",
      "title": "Rasa Architecture Overview",
      "description": "The diagram below provides an overview of the Rasa Open Source architecture. The two primary",
      "sidebar": "version-2.x/default"
    },
    "architecture": {
      "id": "architecture",
      "title": "Rasa Architecture",
      "description": "Check the architecture to understand how Rasa uses machine learning, context and state of the conversation to predict the next action of the AI Assistant."
    },
    "business-logic": {
      "id": "business-logic",
      "title": "Handling Business Logic",
      "description": "Conversational assistants often support user goals that involve collecting required information",
      "sidebar": "version-2.x/default"
    },
    "changelog": {
      "id": "changelog",
      "title": "Rasa Open Source Change Log",
      "description": "All notable changes to this project will be documented in this file.",
      "sidebar": "version-2.x/default"
    },
    "chitchat-faqs": {
      "id": "chitchat-faqs",
      "title": "Chitchat and FAQs",
      "description": "FAQs and chitchat are two cases where the conversational assistant responds with a fixed set of messages, and the assistant should always answer the same way,",
      "sidebar": "version-2.x/default"
    },
    "command-line-interface": {
      "id": "command-line-interface",
      "title": "Command Line Interface",
      "description": "Command line interface for open source chatbot framework Rasa. Learn how to train, test and run your machine learning-based conversational AI assistants",
      "sidebar": "version-2.x/default"
    },
    "components": {
      "id": "components",
      "title": "Components",
      "description": "Language Models",
      "sidebar": "version-2.x/default"
    },
    "connectors/cisco-webex-teams": {
      "id": "connectors/cisco-webex-teams",
      "title": "Cisco Webex Teams",
      "description": "Build a Rasa Chat Bot on Cisco Webex",
      "sidebar": "version-2.x/default"
    },
    "connectors/custom-connectors": {
      "id": "connectors/custom-connectors",
      "title": "Custom Connectors",
      "description": "Deploy and Run a Rasa Chat Bot on a custom chat interface",
      "sidebar": "version-2.x/default"
    },
    "connectors/facebook-messenger": {
      "id": "connectors/facebook-messenger",
      "title": "Facebook Messenger",
      "description": "Build a Rasa Chat Bot on Facebook Messenger",
      "sidebar": "version-2.x/default"
    },
    "connectors/hangouts": {
      "id": "connectors/hangouts",
      "title": "Google Hangouts Chat",
      "description": "Build a Rasa Chat Bot on Google Hangouts Chat",
      "sidebar": "version-2.x/default"
    },
    "connectors/mattermost": {
      "id": "connectors/mattermost",
      "title": "Mattermost",
      "description": "Build a Rasa Chat Bot on Mattermost",
      "sidebar": "version-2.x/default"
    },
    "connectors/microsoft-bot-framework": {
      "id": "connectors/microsoft-bot-framework",
      "title": "Microsoft Bot Framework",
      "description": "Build a Rasa Chat Bot on Microsoft Bot Framework",
      "sidebar": "version-2.x/default"
    },
    "connectors/rocketchat": {
      "id": "connectors/rocketchat",
      "title": "RocketChat",
      "description": "Build a Rasa Chat Bot on Rocketchat",
      "sidebar": "version-2.x/default"
    },
    "connectors/slack": {
      "id": "connectors/slack",
      "title": "Slack",
      "description": "Build a Rasa Chat Bot on Slack",
      "sidebar": "version-2.x/default"
    },
    "connectors/telegram": {
      "id": "connectors/telegram",
      "title": "Telegram",
      "description": "Build a Rasa Chat Bot on Telegram",
      "sidebar": "version-2.x/default"
    },
    "connectors/twilio": {
      "id": "connectors/twilio",
      "title": "Twilio",
      "description": "Deploy a Rasa Open Source assistant through text message or WhatsApp via the Twilio connector",
      "sidebar": "version-2.x/default"
    },
    "connectors/twilio-voice": {
      "id": "connectors/twilio-voice",
      "title": "Twilio Voice",
      "description": "Deploy a Rasa Open Source IVR assistant via the Twilio Voice connector"
    },
    "connectors/your-own-website": {
      "id": "connectors/your-own-website",
      "title": "Your Own Website",
      "description": "Deploy and Run a Rasa Chat Bot on a Website",
      "sidebar": "version-2.x/default"
    },
    "contextual-conversations": {
      "id": "contextual-conversations",
      "title": "Contextual Conversations",
      "description": "In a contextual conversation, something beyond the previous step in the conversation",
      "sidebar": "version-2.x/default"
    },
    "conversation-driven-development": {
      "id": "conversation-driven-development",
      "title": "Conversation-Driven Development",
      "description": "Find out about best practices for conversational AI using Conversation-Driven Development.",
      "sidebar": "version-2.x/default"
    },
    "custom-actions": {
      "id": "custom-actions",
      "title": "Custom Actions",
      "description": "For details on how to implement a custom action, see the SDK documentation.",
      "sidebar": "version-2.x/default"
    },
    "default-actions": {
      "id": "default-actions",
      "title": "Default Actions",
      "description": "Each of these actions have a default behavior, described in the sections below.",
      "sidebar": "version-2.x/default"
    },
    "docker/building-in-docker": {
      "id": "docker/building-in-docker",
      "title": "Building a Rasa Assistant in Docker",
      "description": "Learn how to build a Rasa assistant in Docker."
    },
    "docker/deploying-in-docker-compose": {
      "id": "docker/deploying-in-docker-compose",
      "title": "Deploying a Rasa Open Source Assistant in Docker Compose",
      "description": "Use Docker Compose to deploy a Rasa Open Source assistant"
    },
    "domain": {
      "id": "domain",
      "title": "Domain",
      "description": "Here is a full example of a domain, taken from the",
      "sidebar": "version-2.x/default"
    },
    "event-brokers": {
      "id": "event-brokers",
      "title": "Event Brokers",
      "description": "Find out how open source chatbot framework Rasa allows you to stream events to a message broker.",
      "sidebar": "version-2.x/default"
    },
    "fallback-handoff": {
      "id": "fallback-handoff",
      "title": "Fallback and Human Handoff",
      "description": "Even if you design your bot perfectly, users will inevitably say things to your",
      "sidebar": "version-2.x/default"
    },
    "forms": {
      "id": "forms",
      "title": "Forms",
      "description": "Follow a rule-based process of information gathering using forms in open source bot framework Rasa.",
      "sidebar": "version-2.x/default"
    },
    "generating-nlu-data": {
      "id": "generating-nlu-data",
      "title": "Generating NLU Data",
      "description": "NLU (Natural Language Understanding) is the part of Rasa Open Source that performs",
      "sidebar": "version-2.x/default"
    },
    "glossary": {
      "id": "glossary",
      "title": "Rasa Glossary",
      "description": "Glossary for all Rasa-related terms",
      "sidebar": "version-2.x/default"
    },
    "how-to-deploy": {
      "id": "how-to-deploy",
      "title": "Deploying Your Rasa Assistant",
      "description": "How to deploy your Rasa Assistant with Docker Compose or Kubernetes/Openshift",
      "sidebar": "version-2.x/default"
    },
    "http-api": {
      "id": "http-api",
      "title": "Rasa Open Source HTTP API",
      "description": "Read about Rasa's HTTP API that has endpoints for conversations, training models, and configuring your bot.",
      "sidebar": "version-2.x/default"
    },
    "installation": {
      "id": "installation",
      "title": "Installation",
      "description": "Install Rasa Open Source on premises to enable local and customizable Natural Language Understanding and Dialogue Management.",
      "sidebar": "version-2.x/default"
    },
    "introduction": {
      "id": "introduction",
      "title": "Introduction to Rasa Open Source",
      "description": "Learn more about open-source natural language processing library Rasa for conversation handling, intent classification and entity extraction in on premise chatbots.",
      "sidebar": "version-2.x/default"
    },
    "jupyter-notebooks": {
      "id": "jupyter-notebooks",
      "title": "Jupyter Notebooks",
      "description": "Learn how to integrate open source chatbot platform Rasa into Jupyter notebooks, alongside all your machine learning code."
    },
    "language-support": {
      "id": "language-support",
      "title": "Language Support",
      "description": "Your Rasa assistant can be used on training data in any language.",
      "sidebar": "version-2.x/default"
    },
    "lock-stores": {
      "id": "lock-stores",
      "title": "Lock Stores",
      "description": "Messages that are being processed lock Rasa for a given conversation ID to ensure that multiple incoming messages for that conversation do not interfere with each other. Rasa provides multiple implementations to maintain conversation locks.",
      "sidebar": "version-2.x/default"
    },
    "messaging-and-voice-channels": {
      "id": "messaging-and-voice-channels",
      "title": "Connecting to Messaging and Voice Channels",
      "description": "Check out how to make your Rasa assistant available on platforms like Facebook Messenger, Slack, Telegram or even your very own website.",
      "sidebar": "version-2.x/default"
    },
    "migrate-from": {
      "id": "migrate-from",
      "title": "Migrate From Other Tools (beta)",
      "description": "Here are a few reasons why we see developers switching from other tools to Rasa Open Source:",
      "sidebar": "version-2.x/default"
    },
    "migrate-from/facebook-wit-ai-to-rasa": {
      "id": "migrate-from/facebook-wit-ai-to-rasa",
      "title": "Rasa as open source alternative to Facebook’s Wit.ai - Migration Guide",
      "description": "Open source alternative to Facebook's Wit.ai for conversational bots and NLP"
    },
    "migrate-from/google-dialogflow-to-rasa": {
      "id": "migrate-from/google-dialogflow-to-rasa",
      "title": "Rasa as open source alternative to Google Dialogflow - Migration Guide",
      "description": "Open source alternative to Google Dialogflow for conversational bots and NLP"
    },
    "migrate-from/ibm-watson-to-rasa": {
      "id": "migrate-from/ibm-watson-to-rasa",
      "title": "Rasa as open source alternative to IBM Watson - Migration Tips",
      "description": "Open source alternative to IBM Watson for conversational bots and NLP"
    },
    "migrate-from/microsoft-luis-to-rasa": {
      "id": "migrate-from/microsoft-luis-to-rasa",
      "title": "Rasa as open source alternative to Microsoft LUIS - Migration Guide",
      "description": "Open source alternative to Microsoft LUIS for conversational bots and NLP"
    },
    "migration-guide": {
      "id": "migration-guide",
      "title": "Version Migration Guide",
      "description": "Information about changes between major versions of chatbot framework Rasa Core\nand how you can migrate from one version to another.\n",
      "sidebar": "version-2.x/default"
    },
    "model-configuration": {
      "id": "model-configuration",
      "title": "Model Configuration",
      "description": "Learn about model configuration for Rasa Open Source.",
      "sidebar": "version-2.x/default"
    },
    "model-storage": {
      "id": "model-storage",
      "title": "Model Storage",
      "description": "You can load your trained model in three different ways:",
      "sidebar": "version-2.x/default"
    },
    "nlg": {
      "id": "nlg",
      "title": "NLG Servers",
      "description": "Retraining the bot just to change the text copy can be suboptimal for",
      "sidebar": "version-2.x/default"
    },
    "nlu-only": {
      "id": "nlu-only",
      "title": "Using NLU Only",
      "description": "If you want to use Rasa only as an NLU component, you can!",
      "sidebar": "version-2.x/default"
    },
    "nlu-only-server": {
      "id": "nlu-only-server",
      "title": "NLU-Only Server",
      "description": "Read about connecting to a Rasa NLU-only server using the HTTP API.",
      "sidebar": "version-2.x/default"
    },
    "nlu-training-data": {
      "id": "nlu-training-data",
      "title": "NLU Training Data",
      "description": "Read more about how to format training data with Rasa NLU for open source natural language processing.",
      "sidebar": "version-2.x/default"
    },
    "playground": {
      "id": "playground",
      "title": "Rasa Playground",
      "description": "<Prototyper",
      "sidebar": "version-2.x/default"
    },
    "policies": {
      "id": "policies",
      "title": "Policies",
      "description": "You can customize the policies your assistant uses by specifying the policies",
      "sidebar": "version-2.x/default"
    },
    "reaching-out-to-user": {
      "id": "reaching-out-to-user",
      "title": "Reaching Out to the User",
      "description": "Reaching out first",
      "sidebar": "version-2.x/default"
    },
    "responses": {
      "id": "responses",
      "title": "Responses",
      "description": "Defining Responses",
      "sidebar": "version-2.x/default"
    },
    "rules": {
      "id": "rules",
      "title": "Rules",
      "description": "Use Rasa Open Source rules to respond to FAQs, fill forms, or handle fallbacks gracefully.",
      "sidebar": "version-2.x/default"
    },
    "setting-up-ci-cd": {
      "id": "setting-up-ci-cd",
      "title": "Setting up CI/CD",
      "description": "Set up a CI/CD pipeline to ensure that iterative improvements to your assistant are tested and deployed with minimum manual effort",
      "sidebar": "version-2.x/default"
    },
    "stories": {
      "id": "stories",
      "title": "Stories",
      "description": "Stories are used to teach Rasa real conversation designs to learn from providing the basis for a scalable machine learning dialogue management.",
      "sidebar": "version-2.x/default"
    },
    "telemetry/reference": {
      "id": "telemetry/reference",
      "title": "Telemetry Event Reference",
      "description": "Telemetry events are only reported if telemetry is enabled. A detailed explanation"
    },
    "telemetry/telemetry": {
      "id": "telemetry/telemetry",
      "title": "Rasa Telemetry",
      "description": "For the team working on Rasa Open Source it is important to understand"
    },
    "testing-your-assistant": {
      "id": "testing-your-assistant",
      "title": "Testing Your Assistant",
      "description": "Validating Data and Stories",
      "sidebar": "version-2.x/default"
    },
    "tracker-stores": {
      "id": "tracker-stores",
      "title": "Tracker Stores",
      "description": "All conversations are stored within a tracker store. Read how Rasa Open Source provides implementations for different store types out of the box.",
      "sidebar": "version-2.x/default"
    },
    "training-data-format": {
      "id": "training-data-format",
      "title": "Training Data Format",
      "description": "Description of the YAML format for training data",
      "sidebar": "version-2.x/default"
    },
    "training-data-importers": {
      "id": "training-data-importers",
      "title": "Training Data Importers",
      "description": "Change the way Rasa imports training data by replacing the default importer or writing your own importer.",
      "sidebar": "version-2.x/default"
    },
    "tuning-your-model": {
      "id": "tuning-your-model",
      "title": "Tuning Your NLU Model",
      "description": "How to Choose a Pipeline",
      "sidebar": "version-2.x/default"
    },
    "unexpected-input": {
      "id": "unexpected-input",
      "title": "Handling Unexpected Input",
      "description": "Unexpected input is a deviation from the happy path",
      "sidebar": "version-2.x/default"
    },
    "writing-stories": {
      "id": "writing-stories",
      "title": "Writing Conversation Data",
      "description": "Designing Stories",
      "sidebar": "version-2.x/default"
    }
  }
}